iso_code,location,date,total_cases,new_cases,total_deaths,new_deaths,total_cases_per_million,new_cases_per_million,reproduction_rate,icu_patients,hosp_patients,weekly_icu_admissions,weekly_hosp_admissions,new_tests,total_tests,positive_rate,total_vaccinations,people_vaccinated,people_fully_vaccinated,total_boosters,new_vaccinations,total_boosters_per_hundred,stringency_index,population,gdp_per_capita
AUS,Australia,2020-01-26,4.0,4.0,,,0.157,0.157,,,,,,,,,,,,,,,5.56,25499881.0,44648.71
AUS,Australia,2020-01-27,5.0,1.0,,,0.196,0.039,,,,,,,,,,,,,,,5.56,25499881.0,44648.71
AUS,Australia,2020-01-28,5.0,0.0,,,0.196,0.0,,,,,,,,,,,,,,,5.56,25499881.0,44648.71
AUS,Australia,2020-01-29,6.0,1.0,,,0.235,0.039,,,,,,,,,,,,,,,5.56,25499881.0,44648.71
AUS,Australia,2020-01-30,9.0,3.0,,,0.353,0.118,,,,,,,,,,,,,,,5.56,25499881.0,44648.71
AUS,Australia,2020-01-31,9.0,0.0,,,0.353,0.0,,,,,,,,,,,,,,,5.56,25499881.0,44648.71
AUS,Australia,2020-02-01,12.0,3.0,,,0.471,0.118,,,,,,,,,,,,,,,13.89,25499881.0,44648.71
AUS,Australia,2020-02-02,12.0,0.0,,,0.471,0.0,,,,,,,,,,,,,,,13.89,25499881.0,44648.71
AUS,Australia,2020-02-03,12.0,0.0,,,0.471,0.0,,,,,,,,,,,,,,,19.44,25499881.0,44648.71
AUS,Australia,2020-02-04,13.0,1.0,,,0.51,0.039,,,,,,,,,,,,,,,19.44,25499881.0,44648.71
AUS,Australia,2020-02-05,13.0,0.0,,,0.51,0.0,,,,,,,,,,,,,,,19.44,25499881.0,44648.71
AUS,Australia,2020-02-06,14.0,1.0,,,0.549,0.039,,,,,,,,,,,,,,,19.44,25499881.0,44648.71
AUS,Australia,2020-02-07,15.0,1.0,,,0.588,0.039,,,,,,,,,,,,,,,19.44,25499881.0,44648.71
AUS,Australia,2020-02-08,15.0,0.0,,,0.588,0.0,,,,,,,,,,,,,,,19.44,25499881.0,44648.71
AUS,Australia,2020-02-09,15.0,0.0,,,0.588,0.0,,,,,,,,,,,,,,,19.44,25499881.0,44648.71
AUS,Australia,2020-02-10,15.0,0.0,,,0.588,0.0,,,,,,,,,,,,,,,19.44,25499881.0,44648.71
AUS,Australia,2020-02-11,15.0,0.0,,,0.588,0.0,,,,,,,,,,,,,,,19.44,25499881.0,44648.71
AUS,Australia,2020-02-12,15.0,0.0,,,0.588,0.0,,,,,,,,,,,,,,,19.44,25499881.0,44648.71
AUS,Australia,2020-02-13,15.0,0.0,,,0.588,0.0,,,,,,,,,,,,,,,19.44,25499881.0,44648.71
AUS,Australia,2020-02-14,15.0,0.0,,,0.588,0.0,,,,,,,,,,,,,,,19.44,25499881.0,44648.71
AUS,Australia,2020-02-15,15.0,0.0,,,0.588,0.0,,,,,,,,,,,,,,,19.44,25499881.0,44648.71
AUS,Australia,2020-02-16,15.0,0.0,,,0.588,0.0,,,,,,,,,,,,,,,19.44,25499881.0,44648.71
AUS,Australia,2020-02-17,15.0,0.0,,,0.588,0.0,,,,,,,,,,,,,,,19.44,25499881.0,44648.71
AUS,Australia,2020-02-18,15.0,0.0,,,0.588,0.0,,,,,,,,,,,,,,,19.44,25499881.0,44648.71
AUS,Australia,2020-02-19,15.0,0.0,,,0.588,0.0,,,,,,,,,,,,,,,19.44,25499881.0,44648.71
AUS,Australia,2020-02-20,15.0,0.0,,,0.588,0.0,,,,,,,,,,,,,,,19.44,25499881.0,44648.71
AUS,Australia,2020-02-21,15.0,0.0,,,0.588,0.0,,,,,,,,,,,,,,,19.44,25499881.0,44648.71
AUS,Australia,2020-02-22,15.0,0.0,,,0.588,0.0,,,,,,,,,,,,,,,19.44,25499881.0,44648.71
AUS,Australia,2020-02-23,15.0,0.0,,,0.588,0.0,,,,,,,,,,,,,,,19.44,25499881.0,44648.71
AUS,Australia,2020-02-24,15.0,0.0,,,0.588,0.0,,,,,,,,,,,,,,,19.44,25499881.0,44648.71
AUS,Australia,2020-02-25,15.0,0.0,,,0.588,0.0,,,,,,,,,,,,,,,19.44,25499881.0,44648.71
AUS,Australia,2020-02-26,15.0,0.0,,,0.588,0.0,,,,,,,,,,,,,,,19.44,25499881.0,44648.71
AUS,Australia,2020-02-27,15.0,0.0,,,0.588,0.0,,,,,,,,,,,,,,,19.44,25499881.0,44648.71
AUS,Australia,2020-02-28,15.0,0.0,,,0.588,0.0,,,,,,,,,,,,,,,19.44,25499881.0,44648.71
AUS,Australia,2020-02-29,25.0,10.0,,,0.98,0.392,,,,,,,,,,,,,,,19.44,25499881.0,44648.71
AUS,Australia,2020-03-01,27.0,2.0,1.0,1.0,1.059,0.078,,,,,,,,,,,,,,,19.44,25499881.0,44648.71
AUS,Australia,2020-03-02,30.0,3.0,1.0,0.0,1.176,0.118,,,,,,,,,,,,,,,19.44,25499881.0,44648.71
AUS,Australia,2020-03-03,39.0,9.0,1.0,0.0,1.529,0.353,,,,,,,,,,,,,,,19.44,25499881.0,44648.71
AUS,Australia,2020-03-04,52.0,13.0,2.0,1.0,2.039,0.51,,,,,,,,,,,,,,,19.44,25499881.0,44648.71
AUS,Australia,2020-03-05,55.0,3.0,2.0,0.0,2.157,0.118,,,,,,,,,,,,,,,19.44,25499881.0,44648.71
AUS,Australia,2020-03-06,60.0,5.0,2.0,0.0,2.353,0.196,,,,,,,,,,,,,,,19.44,25499881.0,44648.71
AUS,Australia,2020-03-07,63.0,3.0,2.0,0.0,2.471,0.118,,,,,,,,,,,,,,,19.44,25499881.0,44648.71
AUS,Australia,2020-03-08,76.0,13.0,3.0,1.0,2.98,0.51,,,,,,,,,,,,,,,19.44,25499881.0,44648.71
AUS,Australia,2020-03-09,91.0,15.0,3.0,0.0,3.569,0.588,,,,,,,,,,,,,,,19.44,25499881.0,44648.71
AUS,Australia,2020-03-10,107.0,16.0,3.0,0.0,4.196,0.627,,,,,,,,,,,,,,,19.44,25499881.0,44648.71
AUS,Australia,2020-03-11,128.0,21.0,3.0,0.0,5.02,0.824,2.16,,,,,,,,,,,,,,19.44,25499881.0,44648.71
AUS,Australia,2020-03-12,128.0,0.0,3.0,0.0,5.02,0.0,2.2,,,,,,,,,,,,,,19.44,25499881.0,44648.71
AUS,Australia,2020-03-13,200.0,72.0,3.0,0.0,7.843,2.824,2.32,,,,,,,,,,,,,,19.44,25499881.0,44648.71
AUS,Australia,2020-03-14,250.0,50.0,3.0,0.0,9.804,1.961,2.31,,,,,,,,,,,,,,19.44,25499881.0,44648.71
AUS,Australia,2020-03-15,297.0,47.0,3.0,0.0,11.647,1.843,2.32,,,,,,,,,,,,,,19.44,25499881.0,44648.71
AUS,Australia,2020-03-16,377.0,80.0,3.0,0.0,14.784,3.137,2.37,,,,,,,,,,,,,,30.56,25499881.0,44648.71
AUS,Australia,2020-03-17,452.0,75.0,5.0,2.0,17.726,2.941,2.38,,,,,,,,,,,,,,30.56,25499881.0,44648.71
AUS,Australia,2020-03-18,568.0,116.0,6.0,1.0,22.275,4.549,2.41,,,,,,,,,,,,,,36.11,25499881.0,44648.71
AUS,Australia,2020-03-19,681.0,113.0,6.0,0.0,26.706,4.431,2.41,,,,,,,,,,,,,,44.44,25499881.0,44648.71
AUS,Australia,2020-03-20,791.0,110.0,7.0,1.0,31.02,4.314,2.39,,,,,,,,,,,,,,47.22,25499881.0,44648.71
AUS,Australia,2020-03-21,1071.0,280.0,7.0,0.0,42.0,10.98,2.44,,,,,,,,,,,,,,47.22,25499881.0,44648.71
AUS,Australia,2020-03-22,1549.0,478.0,7.0,0.0,60.745,18.745,2.4,,,,,,143056.0,,,,,,,,47.22,25499881.0,44648.71
AUS,Australia,2020-03-23,1682.0,133.0,7.0,0.0,65.961,5.216,2.23,,,,,,,,,,,,,,52.78,25499881.0,44648.71
AUS,Australia,2020-03-24,2044.0,362.0,8.0,1.0,80.157,14.196,2.12,,,,,,,,,,,,,,71.3,25499881.0,44648.71
AUS,Australia,2020-03-25,2364.0,320.0,8.0,0.0,92.706,12.549,1.99,,,,,,,,,,,,,,71.3,25499881.0,44648.71
AUS,Australia,2020-03-26,2810.0,446.0,13.0,5.0,110.197,17.49,1.87,,,,,,,,,,,,,,71.3,25499881.0,44648.71
AUS,Australia,2020-03-27,3143.0,333.0,13.0,0.0,123.255,13.059,1.7,,,,,,,,,,,,,,71.3,25499881.0,44648.71
AUS,Australia,2020-03-28,3640.0,497.0,14.0,1.0,142.746,19.49,1.57,,,,,,,,,,,,,,71.3,25499881.0,44648.71
AUS,Australia,2020-03-29,3984.0,344.0,16.0,2.0,156.236,13.49,1.43,,,,,,211261.0,0.036,,,,,,,71.3,25499881.0,44648.71
AUS,Australia,2020-03-30,4361.0,377.0,17.0,1.0,171.02,14.784,1.32,,,,,,,0.038,,,,,,,71.3,25499881.0,44648.71
AUS,Australia,2020-03-31,4559.0,198.0,18.0,1.0,178.785,7.765,1.2,,,,,,,0.034,,,,,,,71.3,25499881.0,44648.71
AUS,Australia,2020-04-01,4862.0,303.0,20.0,2.0,190.668,11.882,1.1,,,,,,,0.033,,,,,,,71.3,25499881.0,44648.71
AUS,Australia,2020-04-02,5116.0,254.0,24.0,4.0,200.628,9.961,1.0,,,,,,,0.029,,,,,,,73.15,25499881.0,44648.71
AUS,Australia,2020-04-03,5330.0,214.0,28.0,4.0,209.021,8.392,0.89,,,,,,,0.027,,,,,,,73.15,25499881.0,44648.71
AUS,Australia,2020-04-04,5550.0,220.0,30.0,2.0,217.648,8.627,0.8,,,,,,,0.023,,,,,,,73.15,25499881.0,44648.71
AUS,Australia,2020-04-05,5687.0,137.0,35.0,5.0,223.021,5.373,0.73,,,,,,297154.0,0.02,,,,,,,73.15,25499881.0,44648.71
AUS,Australia,2020-04-06,5797.0,110.0,40.0,5.0,227.334,4.314,0.68,,,,,5509.0,302663.0,0.018,,,,,,,73.15,25499881.0,44648.71
AUS,Australia,2020-04-07,5895.0,98.0,45.0,5.0,231.178,3.843,0.64,,,,,8037.0,310700.0,0.018,,,,,,,73.15,25499881.0,44648.71
AUS,Australia,2020-04-08,6010.0,115.0,50.0,5.0,235.687,4.51,0.6,,,,,8668.0,319368.0,0.016,,,,,,,73.15,25499881.0,44648.71
AUS,Australia,2020-04-09,6108.0,98.0,51.0,1.0,239.531,3.843,0.56,,,,,10766.0,330134.0,0.014,,,,,,,73.15,25499881.0,44648.71
AUS,Australia,2020-04-10,6215.0,107.0,54.0,3.0,243.727,4.196,0.51,,,,,8212.0,338346.0,0.013,,,,,,,73.15,25499881.0,44648.71
AUS,Australia,2020-04-11,6303.0,88.0,57.0,3.0,247.178,3.451,0.47,,,,,9501.0,347847.0,0.012,,,,,,,73.15,25499881.0,44648.71
AUS,Australia,2020-04-12,6315.0,12.0,60.0,3.0,247.648,0.471,0.44,,,,,6094.0,353941.0,0.011,,,,,,,73.15,25499881.0,44648.71
AUS,Australia,2020-04-13,6351.0,36.0,61.0,1.0,249.06,1.412,0.43,,,,,8195.0,362136.0,0.009,,,,,,,73.15,25499881.0,44648.71
AUS,Australia,2020-04-14,6415.0,64.0,62.0,1.0,251.57,2.51,0.43,,,,,4357.0,366493.0,0.009,,,,,,,73.15,25499881.0,44648.71
AUS,Australia,2020-04-15,6440.0,25.0,63.0,1.0,252.55,0.98,0.42,,,,,4884.0,371377.0,0.008,,,,,,,69.44,25499881.0,44648.71
AUS,Australia,2020-04-16,6462.0,22.0,63.0,0.0,253.413,0.863,0.41,,,,,8626.0,380003.0,0.007,,,,,,,69.44,25499881.0,44648.71
AUS,Australia,2020-04-17,6522.0,60.0,66.0,3.0,255.766,2.353,0.41,,,,,11527.0,391530.0,0.006,,,,,,,69.44,25499881.0,44648.71
AUS,Australia,2020-04-18,6568.0,46.0,67.0,1.0,257.57,1.804,0.4,,,,,14980.0,406510.0,0.005,,,,,,,69.44,25499881.0,44648.71
AUS,Australia,2020-04-19,6610.0,42.0,67.0,0.0,259.217,1.647,0.39,,,,,14486.0,420996.0,0.004,,,,,,,69.44,25499881.0,44648.71
AUS,Australia,2020-04-20,6623.0,13.0,67.0,0.0,259.727,0.51,0.38,,,,,10738.0,431734.0,0.004,,,,,,,69.44,25499881.0,44648.71
AUS,Australia,2020-04-21,6645.0,22.0,67.0,0.0,260.589,0.863,0.38,,,,,8108.0,439842.0,0.003,,,,,,,69.44,25499881.0,44648.71
AUS,Australia,2020-04-22,6652.0,7.0,67.0,0.0,260.864,0.275,0.38,,,,,12599.0,452441.0,0.003,,,,,,,69.44,25499881.0,44648.71
AUS,Australia,2020-04-23,6662.0,10.0,75.0,8.0,261.256,0.392,0.38,,,,,14218.0,466659.0,0.002,,,,,,,69.44,25499881.0,44648.71
AUS,Australia,2020-04-24,6677.0,15.0,79.0,4.0,261.844,0.588,0.4,,,,,15711.0,482370.0,0.002,,,,,,,69.44,25499881.0,44648.71
AUS,Australia,2020-04-25,6694.0,17.0,80.0,1.0,262.511,0.667,0.41,,,,,11887.0,494257.0,0.001,,,,,,,69.44,25499881.0,44648.71
AUS,Australia,2020-04-26,6714.0,20.0,83.0,3.0,263.295,0.784,0.45,,,,,12192.0,506449.0,0.001,,,,,,,69.44,25499881.0,44648.71
AUS,Australia,2020-04-27,6721.0,7.0,83.0,0.0,263.57,0.275,0.48,,,,,10614.0,517063.0,0.001,,,,,,,69.44,25499881.0,44648.71
AUS,Australia,2020-04-28,6744.0,23.0,89.0,6.0,264.472,0.902,0.52,,,,,13616.0,530679.0,0.001,,,,,,,69.44,25499881.0,44648.71
AUS,Australia,2020-04-29,6752.0,8.0,91.0,2.0,264.786,0.314,0.55,,,,,13731.0,544410.0,0.001,,,,,,,69.44,25499881.0,44648.71
AUS,Australia,2020-04-30,6766.0,14.0,93.0,2.0,265.335,0.549,0.59,,,,,19231.0,563641.0,0.001,,,,,,,69.44,25499881.0,44648.71
AUS,Australia,2020-05-01,6778.0,12.0,93.0,0.0,265.805,0.471,0.64,,,,,25227.0,588868.0,0.001,,,,,,,69.44,25499881.0,44648.71
AUS,Australia,2020-05-02,6799.0,21.0,94.0,1.0,266.629,0.824,0.69,,,,,22715.0,611583.0,0.001,,,,,,,69.44,25499881.0,44648.71
AUS,Australia,2020-05-03,6822.0,23.0,95.0,1.0,267.531,0.902,0.74,,,,,21524.0,633107.0,0.001,,,,,,,69.44,25499881.0,44648.71
AUS,Australia,2020-05-04,6847.0,25.0,96.0,1.0,268.511,0.98,0.78,,,,,17107.0,650214.0,0.001,,,,,,,69.44,25499881.0,44648.71
AUS,Australia,2020-05-05,6875.0,28.0,97.0,1.0,269.609,1.098,0.8,,,,,14542.0,664756.0,0.001,,,,,,,69.44,25499881.0,44648.71
AUS,Australia,2020-05-06,6894.0,19.0,97.0,0.0,270.354,0.745,0.79,,,,,23900.0,688656.0,0.001,,,,,,,69.44,25499881.0,44648.71
AUS,Australia,2020-05-07,6913.0,19.0,97.0,0.0,271.099,0.745,0.77,,,,,33893.0,722549.0,0.001,,,,,,,69.44,25499881.0,44648.71
AUS,Australia,2020-05-08,6918.0,5.0,97.0,0.0,271.295,0.196,0.75,,,,,34701.0,757250.0,0.001,,,,,,,69.44,25499881.0,44648.71
AUS,Australia,2020-05-09,6939.0,21.0,97.0,0.0,272.119,0.824,0.76,,,,,38206.0,795456.0,0.001,,,,,,,69.44,25499881.0,44648.71
AUS,Australia,2020-05-10,6948.0,9.0,97.0,0.0,272.472,0.353,0.77,,,,,32416.0,827872.0,0.001,,,,,,,69.44,25499881.0,44648.71
AUS,Australia,2020-05-11,6970.0,22.0,97.0,0.0,273.335,0.863,0.79,,,,,27247.0,855119.0,0.001,,,,,,,69.44,25499881.0,44648.71
AUS,Australia,2020-05-12,6980.0,10.0,98.0,1.0,273.727,0.392,0.79,,,,,22808.0,877927.0,0.0,,,,,,,69.44,25499881.0,44648.71
AUS,Australia,2020-05-13,6989.0,9.0,98.0,0.0,274.08,0.353,0.81,,,,,31098.0,909025.0,0.0,,,,,,,69.44,25499881.0,44648.71
AUS,Australia,2020-05-14,7019.0,30.0,98.0,0.0,275.256,1.176,0.83,,,,,34455.0,943480.0,0.0,,,,,,,69.44,25499881.0,44648.71
AUS,Australia,2020-05-15,7035.0,16.0,98.0,0.0,275.884,0.627,0.8,,,,,40336.0,983816.0,0.001,,,,,,,65.74,25499881.0,44648.71
AUS,Australia,2020-05-16,7044.0,9.0,98.0,0.0,276.237,0.353,0.76,,,,,31836.0,1015652.0,0.0,,,,,,,64.35,25499881.0,44648.71
AUS,Australia,2020-05-17,7054.0,10.0,99.0,1.0,276.629,0.392,0.76,,,,,26474.0,1042126.0,0.0,,,,,,,64.35,25499881.0,44648.71
AUS,Australia,2020-05-18,7068.0,14.0,99.0,0.0,277.178,0.549,0.75,,,,,19908.0,1062034.0,0.0,,,,,,,67.13,25499881.0,44648.71
AUS,Australia,2020-05-19,7072.0,4.0,100.0,1.0,277.335,0.157,0.74,,,,,23836.0,1085870.0,0.0,,,,,,,67.13,25499881.0,44648.71
AUS,Australia,2020-05-20,7081.0,9.0,100.0,0.0,277.688,0.353,0.76,,,,,25697.0,1111567.0,0.0,,,,,,,67.13,25499881.0,44648.71
AUS,Australia,2020-05-21,7095.0,14.0,101.0,1.0,278.237,0.549,0.78,,,,,26117.0,1137684.0,0.0,,,,,,,67.13,25499881.0,44648.71
AUS,Australia,2020-05-22,7099.0,4.0,101.0,0.0,278.393,0.157,0.78,,,,,32998.0,1170682.0,0.0,,,,,,,67.13,25499881.0,44648.71
AUS,Australia,2020-05-23,7114.0,15.0,102.0,1.0,278.982,0.588,0.81,,,,,21580.0,1192262.0,0.0,,,,,,,67.13,25499881.0,44648.71
AUS,Australia,2020-05-24,7114.0,0.0,102.0,0.0,278.982,0.0,0.83,,,,,32533.0,1224795.0,0.0,,,,,,,67.13,25499881.0,44648.71
AUS,Australia,2020-05-25,7126.0,12.0,102.0,0.0,279.452,0.471,0.89,,,,,19405.0,1244200.0,0.0,,,,,,,65.28,25499881.0,44648.71
AUS,Australia,2020-05-26,7139.0,13.0,103.0,1.0,279.962,0.51,0.94,,,,,44023.0,1288223.0,0.0,,,,,,,65.28,25499881.0,44648.71
AUS,Australia,2020-05-27,7150.0,11.0,103.0,0.0,280.393,0.431,0.97,,,,,50098.0,1338321.0,0.0,,,,,,,65.28,25499881.0,44648.71
AUS,Australia,2020-05-28,7165.0,15.0,103.0,0.0,280.982,0.588,0.99,,,,,29123.0,1367444.0,0.0,,,,,,,65.28,25499881.0,44648.71
AUS,Australia,2020-05-29,7184.0,19.0,103.0,0.0,281.727,0.745,1.0,,,,,30178.0,1397622.0,0.0,,,,,,,63.43,25499881.0,44648.71
AUS,Australia,2020-05-30,7192.0,8.0,103.0,0.0,282.041,0.314,0.95,,,,,30916.0,1428538.0,0.0,,,,,,,63.43,25499881.0,44648.71
AUS,Australia,2020-05-31,7202.0,10.0,103.0,0.0,282.433,0.392,0.96,,,,,26030.0,1454568.0,0.0,,,,,,,63.43,25499881.0,44648.71
AUS,Australia,2020-06-01,7221.0,19.0,102.0,-1.0,283.178,0.745,0.95,,,,,17652.0,1472220.0,0.0,,,,,,,62.04,25499881.0,44648.71
AUS,Australia,2020-06-02,7229.0,8.0,102.0,0.0,283.492,0.314,0.91,,,,,18167.0,1490387.0,0.0,,,,,,,62.04,25499881.0,44648.71
AUS,Australia,2020-06-03,7240.0,11.0,102.0,0.0,283.923,0.431,0.88,,,,,22313.0,1512700.0,0.001,,,,,,,62.04,25499881.0,44648.71
AUS,Australia,2020-06-04,7247.0,7.0,102.0,0.0,284.197,0.275,0.85,,,,,33629.0,1546329.0,0.0,,,,,,,62.04,25499881.0,44648.71
AUS,Australia,2020-06-05,7252.0,5.0,102.0,0.0,284.393,0.196,0.84,,,,,32863.0,1579192.0,0.0,,,,,,,62.04,25499881.0,44648.71
AUS,Australia,2020-06-06,7259.0,7.0,102.0,0.0,284.668,0.275,0.83,,,,,11396.0,1590588.0,0.0,,,,,,,62.04,25499881.0,44648.71
AUS,Australia,2020-06-07,7265.0,6.0,102.0,0.0,284.903,0.235,0.87,,,,,26874.0,1617462.0,0.0,,,,,,,62.04,25499881.0,44648.71
AUS,Australia,2020-06-08,7267.0,2.0,102.0,0.0,284.982,0.078,0.91,,,,,16053.0,1633515.0,0.0,,,,,,,62.04,25499881.0,44648.71
AUS,Australia,2020-06-09,7274.0,7.0,102.0,0.0,285.256,0.275,0.99,,,,,17169.0,1650684.0,0.0,,,,,,,60.19,25499881.0,44648.71
AUS,Australia,2020-06-10,7285.0,11.0,102.0,0.0,285.688,0.431,1.08,,,,,29270.0,1679954.0,0.0,,,,,,,60.19,25499881.0,44648.71
AUS,Australia,2020-06-11,7289.0,4.0,102.0,0.0,285.844,0.157,1.16,,,,,31269.0,1711223.0,0.0,,,,,,,60.19,25499881.0,44648.71
AUS,Australia,2020-06-12,7294.0,5.0,102.0,0.0,286.041,0.196,1.27,,,,,34327.0,1745550.0,0.0,,,,,,,50.46,25499881.0,44648.71
AUS,Australia,2020-06-13,7320.0,26.0,102.0,0.0,287.06,1.02,1.4,,,,,37101.0,1782651.0,0.0,,,,,,,50.46,25499881.0,44648.71
AUS,Australia,2020-06-14,7335.0,15.0,102.0,0.0,287.648,0.588,1.45,,,,,29702.0,1812353.0,0.0,,,,,,,50.46,25499881.0,44648.71
AUS,Australia,2020-06-15,7347.0,12.0,102.0,0.0,288.119,0.471,1.48,,,,,15796.0,1828149.0,0.0,,,,,,,50.46,25499881.0,44648.71
AUS,Australia,2020-06-16,7370.0,23.0,102.0,0.0,289.021,0.902,1.52,,,,,20198.0,1848347.0,0.0,,,,,,,50.46,25499881.0,44648.71
AUS,Australia,2020-06-17,7391.0,21.0,102.0,0.0,289.844,0.824,1.53,,,,,27770.0,1876117.0,0.001,,,,,,,50.46,25499881.0,44648.71
AUS,Australia,2020-06-18,7409.0,18.0,102.0,0.0,290.55,0.706,1.53,,,,,51380.0,1927497.0,0.001,,,,,,,50.46,25499881.0,44648.71
AUS,Australia,2020-06-19,7411.0,2.0,102.0,0.0,290.629,0.078,1.55,,,,,42708.0,1970205.0,0.001,,,,,,,50.46,25499881.0,44648.71
AUS,Australia,2020-06-20,7461.0,50.0,102.0,0.0,292.59,1.961,1.62,,,,,35173.0,2005378.0,0.001,,,,,,,50.46,25499881.0,44648.71
AUS,Australia,2020-06-21,7474.0,13.0,102.0,0.0,293.099,0.51,1.61,,,,,35946.0,2041324.0,0.001,,,,,,,50.46,25499881.0,44648.71
AUS,Australia,2020-06-22,7492.0,18.0,102.0,0.0,293.805,0.706,1.63,,,,,66525.0,2107849.0,0.001,,,,,,,50.46,25499881.0,44648.71
AUS,Australia,2020-06-23,7521.0,29.0,103.0,1.0,294.943,1.137,1.69,,,,,24972.0,2132821.0,0.001,,,,,,,52.31,25499881.0,44648.71
AUS,Australia,2020-06-24,7558.0,37.0,104.0,1.0,296.394,1.451,1.74,,,,,47603.0,2180424.0,0.001,,,,,,,52.31,25499881.0,44648.71
AUS,Australia,2020-06-25,7595.0,37.0,104.0,0.0,297.845,1.451,1.78,,,,,51917.0,2232341.0,0.001,,,,,,,52.31,25499881.0,44648.71
AUS,Australia,2020-06-26,7601.0,6.0,104.0,0.0,298.08,0.235,1.83,,,,,49498.0,2281839.0,0.001,,,,,,,52.31,25499881.0,44648.71
AUS,Australia,2020-06-27,7686.0,85.0,104.0,0.0,301.413,3.333,1.95,,,,,54222.0,2336061.0,0.001,,,,,,,52.31,25499881.0,44648.71
AUS,Australia,2020-06-28,7764.0,78.0,104.0,0.0,304.472,3.059,1.99,,,,,43114.0,2379175.0,0.001,,,,,,,52.31,25499881.0,44648.71
AUS,Australia,2020-06-29,7834.0,70.0,104.0,0.0,307.217,2.745,1.98,,,,,36520.0,2415695.0,0.001,,,,,,,52.31,25499881.0,44648.71
AUS,Australia,2020-06-30,7920.0,86.0,104.0,0.0,310.59,3.373,1.97,,,,,40287.0,2455982.0,0.001,,,,,,,52.31,25499881.0,44648.71
AUS,Australia,2020-07-01,8001.0,81.0,104.0,0.0,313.766,3.176,1.95,,,,,49941.0,2505923.0,0.001,,,,,,,68.98,25499881.0,44648.71
AUS,Australia,2020-07-02,8066.0,65.0,104.0,0.0,316.315,2.549,1.96,,,,,57859.0,2563782.0,0.001,,,,,,,68.98,25499881.0,44648.71
AUS,Australia,2020-07-03,8260.0,194.0,104.0,0.0,323.923,7.608,2.0,,,,,54078.0,2617860.0,0.002,,,,,,,68.98,25499881.0,44648.71
AUS,Australia,2020-07-04,8443.0,183.0,104.0,0.0,331.1,7.177,1.93,,,,,50176.0,2668036.0,0.002,,,,,,,68.98,25499881.0,44648.71
AUS,Australia,2020-07-05,8583.0,140.0,106.0,2.0,336.59,5.49,1.87,,,,,45399.0,2713435.0,0.002,,,,,,,68.98,25499881.0,44648.71
AUS,Australia,2020-07-06,8755.0,172.0,106.0,0.0,343.335,6.745,1.81,,,,,45730.0,2759165.0,0.003,,,,,,,68.98,25499881.0,44648.71
AUS,Australia,2020-07-07,8886.0,131.0,106.0,0.0,348.472,5.137,1.75,,,,,41942.0,2801107.0,0.003,,,,,,,68.98,25499881.0,44648.71
AUS,Australia,2020-07-08,9056.0,170.0,106.0,0.0,355.139,6.667,1.73,,,,,55299.0,2856406.0,0.003,,,,,,,75.46,25499881.0,44648.71
AUS,Australia,2020-07-09,9374.0,318.0,106.0,0.0,367.61,12.471,1.71,,,,,54425.0,2910831.0,0.004,,,,,,,75.46,25499881.0,44648.71
AUS,Australia,2020-07-10,9553.0,179.0,107.0,1.0,374.629,7.02,1.64,,,,,59437.0,2970268.0,0.004,,,,,,,75.46,25499881.0,44648.71
AUS,Australia,2020-07-11,9797.0,244.0,108.0,1.0,384.198,9.569,1.58,,,,,51225.0,3021493.0,0.004,,,,,,,75.46,25499881.0,44648.71
AUS,Australia,2020-07-12,9980.0,183.0,108.0,0.0,391.374,7.177,1.55,,,,,53995.0,3075488.0,0.004,,,,,,,75.46,25499881.0,44648.71
AUS,Australia,2020-07-13,10251.0,271.0,108.0,0.0,402.002,10.628,1.54,,,,,42300.0,3117788.0,0.004,,,,,,,71.76,25499881.0,44648.71
AUS,Australia,2020-07-14,10487.0,236.0,111.0,3.0,411.257,9.255,1.52,,,,,44449.0,3162237.0,0.004,,,,,,,71.76,25499881.0,44648.71
AUS,Australia,2020-07-15,10810.0,323.0,113.0,2.0,423.924,12.667,1.5,,,,,59904.0,3222141.0,0.005,,,,,,,71.76,25499881.0,44648.71
AUS,Australia,2020-07-16,11233.0,423.0,116.0,3.0,440.512,16.588,1.48,,,,,65575.0,3287716.0,0.005,,,,,,,68.06,25499881.0,44648.71
AUS,Australia,2020-07-17,11441.0,208.0,118.0,2.0,448.669,8.157,1.43,,,,,62728.0,3350444.0,0.005,,,,,,,68.06,25499881.0,44648.71
AUS,Australia,2020-07-18,11802.0,361.0,122.0,4.0,462.826,14.157,1.4,,,,,63387.0,3413831.0,0.005,,,,,,,68.06,25499881.0,44648.71
AUS,Australia,2020-07-19,12069.0,267.0,123.0,1.0,473.296,10.471,1.38,,,,,62632.0,3476463.0,0.005,,,,,,,68.06,25499881.0,44648.71
AUS,Australia,2020-07-20,12428.0,359.0,126.0,3.0,487.375,14.078,1.38,,,,,57962.0,3534425.0,0.005,,,,,,,68.06,25499881.0,44648.71
AUS,Australia,2020-07-21,12894.0,466.0,128.0,2.0,505.649,18.275,1.37,,,,,56310.0,3590735.0,0.006,,,,,,,68.06,25499881.0,44648.71
AUS,Australia,2020-07-22,13302.0,408.0,133.0,5.0,521.649,16.0,1.34,,,,,59794.0,3650529.0,0.006,,,,,,,68.06,25499881.0,44648.71
AUS,Australia,2020-07-23,13595.0,293.0,139.0,6.0,533.14,11.49,1.3,,,,,69308.0,3719837.0,0.005,,,,,,,68.06,25499881.0,44648.71
AUS,Australia,2020-07-24,13950.0,355.0,145.0,6.0,547.061,13.922,1.3,,,,,75584.0,3795421.0,0.006,,,,,,,68.06,25499881.0,44648.71
AUS,Australia,2020-07-25,14403.0,453.0,155.0,10.0,564.826,17.765,1.29,,,,,64084.0,3859505.0,0.006,,,,,,,68.06,25499881.0,44648.71
AUS,Australia,2020-07-26,14935.0,532.0,161.0,6.0,585.689,20.863,1.29,,,,,75619.0,3935124.0,0.006,,,,,,,68.06,25499881.0,44648.71
AUS,Australia,2020-07-27,15303.0,368.0,167.0,6.0,600.12,14.431,1.26,,,,,51966.0,3987090.0,0.006,,,,,,,68.06,25499881.0,44648.71
AUS,Australia,2020-07-28,15582.0,279.0,176.0,9.0,611.062,10.941,1.25,,,,,,,0.006,,,,,,,68.06,25499881.0,44648.71
AUS,Australia,2020-07-29,16298.0,716.0,189.0,13.0,639.14,28.079,1.26,,,,,,4098249.0,0.007,,,,,,,68.06,25499881.0,44648.71
AUS,Australia,2020-07-30,16903.0,605.0,196.0,7.0,662.866,23.726,1.24,,,,,66205.0,4164454.0,0.007,,,,,,,68.06,25499881.0,44648.71
AUS,Australia,2020-07-31,17280.0,377.0,201.0,5.0,677.65,14.784,1.19,,,,,,,0.008,,,,,,,68.06,25499881.0,44648.71
AUS,Australia,2020-08-01,17895.0,615.0,208.0,7.0,701.768,24.118,1.16,,,,,,4307224.0,0.008,,,,,,,68.06,25499881.0,44648.71
AUS,Australia,2020-08-02,18318.0,423.0,221.0,13.0,718.356,16.588,1.13,,,,,39158.0,4346382.0,0.008,,,,,,,71.76,25499881.0,44648.71
AUS,Australia,2020-08-03,18730.0,412.0,232.0,11.0,734.513,16.157,1.1,,,,,40529.0,4386911.0,0.009,,,,,,,75.46,25499881.0,44648.71
AUS,Australia,2020-08-04,19445.0,715.0,247.0,15.0,762.553,28.039,1.07,,,,,94706.0,4481617.0,0.009,,,,,,,75.46,25499881.0,44648.71
AUS,Australia,2020-08-05,19890.0,445.0,255.0,8.0,780.004,17.451,1.02,,,,,70464.0,4552081.0,0.008,,,,,,,75.46,25499881.0,44648.71
AUS,Australia,2020-08-06,20272.0,382.0,266.0,11.0,794.984,14.98,0.97,,,,,80008.0,4632089.0,0.007,,,,,,,75.46,25499881.0,44648.71
AUS,Australia,2020-08-07,20698.0,426.0,278.0,12.0,811.69,16.706,0.94,,,,,91937.0,4724026.0,0.007,,,,,,,75.46,25499881.0,44648.71
AUS,Australia,2020-08-08,21084.0,386.0,295.0,17.0,826.827,15.137,0.9,,,,,40197.0,4764223.0,0.007,,,,,,,75.46,25499881.0,44648.71
AUS,Australia,2020-08-09,21397.0,313.0,313.0,18.0,839.102,12.275,0.87,,,,,93191.0,4857414.0,0.006,,,,,,,75.46,25499881.0,44648.71
AUS,Australia,2020-08-10,21713.0,316.0,331.0,18.0,851.494,12.392,0.85,,,,,61132.0,4918546.0,0.006,,,,,,,75.46,25499881.0,44648.71
AUS,Australia,2020-08-11,22127.0,414.0,352.0,21.0,867.73,16.235,0.83,,,,,61626.0,4980172.0,0.005,,,,,,,75.46,25499881.0,44648.71
AUS,Australia,2020-08-12,22358.0,231.0,361.0,9.0,876.788,9.059,0.81,,,,,61172.0,5041344.0,0.005,,,,,,,75.46,25499881.0,44648.71
AUS,Australia,2020-08-13,22742.0,384.0,375.0,14.0,891.847,15.059,0.8,,,,,68441.0,5109785.0,0.005,,,,,,,75.46,25499881.0,44648.71
AUS,Australia,2020-08-14,23035.0,293.0,379.0,4.0,903.338,11.49,0.78,,,,,70629.0,5180414.0,0.005,,,,,,,75.46,25499881.0,44648.71
AUS,Australia,2020-08-15,23287.0,252.0,396.0,17.0,913.22,9.882,0.75,,,,,63370.0,5243784.0,0.005,,,,,,,75.46,25499881.0,44648.71
AUS,Australia,2020-08-16,23558.0,271.0,421.0,25.0,923.847,10.628,0.74,,,,,53774.0,5297558.0,0.005,,,,,,,75.46,25499881.0,44648.71
AUS,Australia,2020-08-17,23773.0,215.0,438.0,17.0,932.279,8.431,0.72,,,,,38539.0,5336097.0,0.005,,,,,,,75.46,25499881.0,44648.71
AUS,Australia,2020-08-18,23989.0,216.0,450.0,12.0,940.749,8.471,0.7,,,,,44516.0,5380613.0,0.005,,,,,,,75.46,25499881.0,44648.71
AUS,Australia,2020-08-19,24236.0,247.0,463.0,13.0,950.436,9.686,0.69,,,,,59882.0,5440495.0,0.005,,,,,,,75.46,25499881.0,44648.71
AUS,Australia,2020-08-20,24407.0,171.0,472.0,9.0,957.142,6.706,0.67,,,,,68336.0,5508831.0,0.004,,,,,,,75.46,25499881.0,44648.71
AUS,Australia,2020-08-21,24602.0,195.0,485.0,13.0,964.789,7.647,0.66,,,,,,,0.004,,,,,,,75.46,25499881.0,44648.71
AUS,Australia,2020-08-22,24811.0,209.0,502.0,17.0,972.985,8.196,0.65,,,,,,,0.004,,,,,,,75.46,25499881.0,44648.71
AUS,Australia,2020-08-23,24915.0,104.0,517.0,15.0,977.063,4.078,0.63,,,,,,5706587.0,0.003,,,,,,,75.46,25499881.0,44648.71
AUS,Australia,2020-08-24,25053.0,138.0,525.0,8.0,982.475,5.412,0.63,,,,,51447.0,5758034.0,0.003,,,,,,,75.46,25499881.0,44648.71
AUS,Australia,2020-08-25,25204.0,151.0,549.0,24.0,988.397,5.922,0.62,,,,,56675.0,5814709.0,0.003,,,,,,,75.46,25499881.0,44648.71
AUS,Australia,2020-08-26,25322.0,118.0,572.0,23.0,993.024,4.627,0.61,,,,,71703.0,5886412.0,0.002,,,,,,,75.46,25499881.0,44648.71
AUS,Australia,2020-08-27,25448.0,126.0,583.0,11.0,997.965,4.941,0.61,,,,,86268.0,5972680.0,0.002,,,,,,,75.46,25499881.0,44648.71
AUS,Australia,2020-08-28,25547.0,99.0,600.0,17.0,1001.848,3.882,0.61,,,,,,,0.002,,,,,,,75.46,25499881.0,44648.71
AUS,Australia,2020-08-29,25670.0,123.0,611.0,11.0,1006.671,4.824,0.61,,,,,,,0.002,,,,,,,75.46,25499881.0,44648.71
AUS,Australia,2020-08-30,25746.0,76.0,652.0,41.0,1009.652,2.98,0.61,,,,,,6168229.0,0.002,,,,,,,75.46,25499881.0,44648.71
AUS,Australia,2020-08-31,25819.0,73.0,657.0,5.0,1012.515,2.863,0.61,,,,,46224.0,6214453.0,0.002,,,,,,,75.46,25499881.0,44648.71
AUS,Australia,2020-09-01,25923.0,104.0,663.0,6.0,1016.593,4.078,0.62,,,,,41344.0,6255797.0,0.002,,,,,,,75.46,25499881.0,44648.71
AUS,Australia,2020-09-02,26049.0,126.0,678.0,15.0,1021.534,4.941,0.62,,,,,63998.0,6319795.0,0.002,,,,,,,75.46,25499881.0,44648.71
AUS,Australia,2020-09-03,26136.0,87.0,737.0,59.0,1024.946,3.412,0.62,,,,,70983.0,6390778.0,0.002,,,,,,,75.46,25499881.0,44648.71
AUS,Australia,2020-09-04,26207.0,71.0,748.0,11.0,1027.73,2.784,0.61,,,,,,,0.001,,,,,,,75.46,25499881.0,44648.71
AUS,Australia,2020-09-05,26278.0,71.0,753.0,5.0,1030.515,2.784,0.6,,,,,,,0.001,,,,,,,75.46,25499881.0,44648.71
AUS,Australia,2020-09-06,26321.0,43.0,762.0,9.0,1032.201,1.686,0.59,,,,,,6657348.0,0.001,,,,,,,75.46,25499881.0,44648.71
AUS,Australia,2020-09-07,26373.0,52.0,770.0,8.0,1034.24,2.039,0.59,,,,,36086.0,6693434.0,0.001,,,,,,,75.46,25499881.0,44648.71
AUS,Australia,2020-09-08,26465.0,92.0,781.0,11.0,1037.848,3.608,0.6,,,,,36963.0,6730397.0,0.001,,,,,,,75.46,25499881.0,44648.71
AUS,Australia,2020-09-09,26524.0,59.0,788.0,7.0,1040.162,2.314,0.59,,,,,58936.0,6789333.0,0.001,,,,,,,75.46,25499881.0,44648.71
AUS,Australia,2020-09-10,26564.0,40.0,797.0,9.0,1041.73,1.569,0.58,,,,,60098.0,6849431.0,0.001,,,,,,,75.46,25499881.0,44648.71
AUS,Australia,2020-09-11,26607.0,43.0,803.0,6.0,1043.417,1.686,0.58,,,,,,,0.001,,,,,,,75.46,25499881.0,44648.71
AUS,Australia,2020-09-12,26651.0,44.0,810.0,7.0,1045.142,1.725,0.58,,,,,,,0.001,,,,,,,75.46,25499881.0,44648.71
AUS,Australia,2020-09-13,26692.0,41.0,816.0,6.0,1046.75,1.608,0.59,,,,,,7016090.0,0.001,,,,,,,75.46,25499881.0,44648.71
AUS,Australia,2020-09-14,26739.0,47.0,816.0,0.0,1048.593,1.843,0.58,,,,,30946.0,7047036.0,0.001,,,,,,,75.46,25499881.0,44648.71
AUS,Australia,2020-09-15,26778.0,39.0,824.0,8.0,1050.123,1.529,0.57,,,,,29503.0,7076539.0,0.001,,,,,,,75.46,25499881.0,44648.71
AUS,Australia,2020-09-16,26813.0,35.0,832.0,8.0,1051.495,1.373,0.57,,,,,47845.0,7124384.0,0.001,,,,,,,75.46,25499881.0,44648.71
AUS,Australia,2020-09-17,26861.0,48.0,837.0,5.0,1053.377,1.882,0.57,,,,,54357.0,7178741.0,0.001,,,,,,,75.46,25499881.0,44648.71
AUS,Australia,2020-09-18,26885.0,24.0,844.0,7.0,1054.319,0.941,0.55,,,,,,,0.001,,,,,,,75.46,25499881.0,44648.71
AUS,Australia,2020-09-19,26898.0,13.0,849.0,5.0,1054.828,0.51,0.53,,,,,,,0.001,,,,,,,75.46,25499881.0,44648.71
AUS,Australia,2020-09-20,26912.0,14.0,851.0,2.0,1055.377,0.549,0.53,,,,,,7296252.0,0.001,,,,,,,75.46,25499881.0,44648.71
AUS,Australia,2020-09-21,26942.0,30.0,854.0,3.0,1056.554,1.176,0.55,,,,,23436.0,7319688.0,0.001,,,,,,,75.46,25499881.0,44648.71
AUS,Australia,2020-09-22,26972.0,30.0,859.0,5.0,1057.73,1.176,0.55,,,,,31595.0,7351283.0,0.001,,,,,,,75.46,25499881.0,44648.71
AUS,Australia,2020-09-23,26980.0,8.0,861.0,2.0,1058.044,0.314,0.54,,,,,42410.0,7393693.0,0.001,,,,,,,75.46,25499881.0,44648.71
AUS,Australia,2020-09-24,27000.0,20.0,869.0,8.0,1058.828,0.784,0.56,,,,,47634.0,7441327.0,0.001,,,,,,,75.46,25499881.0,44648.71
AUS,Australia,2020-09-25,27016.0,16.0,870.0,1.0,1059.456,0.627,0.57,,,,,,,0.001,,,,,,,75.46,25499881.0,44648.71
AUS,Australia,2020-09-26,27040.0,24.0,872.0,2.0,1060.397,0.941,0.59,,,,,,,0.001,,,,,,,75.46,25499881.0,44648.71
AUS,Australia,2020-09-27,27044.0,4.0,875.0,3.0,1060.554,0.157,0.6,,,,,,7546223.0,0.001,,,,,,,75.46,25499881.0,44648.71
AUS,Australia,2020-09-28,27055.0,11.0,882.0,7.0,1060.985,0.431,0.62,,,,,17099.0,7563322.0,0.0,,,,,,,68.06,25499881.0,44648.71
AUS,Australia,2020-09-29,27078.0,23.0,886.0,4.0,1061.887,0.902,0.66,,,,,26010.0,7589332.0,0.0,,,,,,,68.06,25499881.0,44648.71
AUS,Australia,2020-09-30,27096.0,18.0,888.0,2.0,1062.593,0.706,0.69,,,,,48071.0,7637403.0,0.0,,,,,,,68.06,25499881.0,44648.71
AUS,Australia,2020-10-01,27109.0,13.0,890.0,2.0,1063.103,0.51,0.71,,,,,42248.0,7679651.0,0.0,,,,,,,68.06,25499881.0,44648.71
AUS,Australia,2020-10-02,27121.0,12.0,893.0,3.0,1063.574,0.471,0.74,,,,,,,0.0,,,,,,,68.06,25499881.0,44648.71
AUS,Australia,2020-10-03,27135.0,14.0,894.0,1.0,1064.123,0.549,0.78,,,,,,,0.0,,,,,,,68.06,25499881.0,44648.71
AUS,Australia,2020-10-04,27148.0,13.0,894.0,0.0,1064.632,0.51,0.82,,,,,,,0.0,,,,,,,68.06,25499881.0,44648.71
AUS,Australia,2020-10-05,27173.0,25.0,895.0,1.0,1065.613,0.98,0.87,,,,,,,0.001,,,,,,,68.06,25499881.0,44648.71
AUS,Australia,2020-10-06,27181.0,8.0,897.0,2.0,1065.927,0.314,0.89,,,,,,7819472.0,0.0,,,,,,,68.06,25499881.0,44648.71
AUS,Australia,2020-10-07,27206.0,25.0,897.0,0.0,1066.907,0.98,0.94,,,,,32769.0,7852241.0,0.001,,,,,,,68.06,25499881.0,44648.71
AUS,Australia,2020-10-08,27226.0,20.0,897.0,0.0,1067.691,0.784,0.96,,,,,42837.0,7895078.0,0.001,,,,,,,68.06,25499881.0,44648.71
AUS,Australia,2020-10-09,27244.0,18.0,897.0,0.0,1068.397,0.706,0.97,,,,,,,0.001,,,,,,,68.06,25499881.0,44648.71
AUS,Australia,2020-10-10,27263.0,19.0,898.0,1.0,1069.142,0.745,0.98,,,,,,,0.001,,,,,,,68.06,25499881.0,44648.71
AUS,Australia,2020-10-11,27285.0,22.0,898.0,0.0,1070.005,0.863,1.0,,,,,,8008111.0,0.001,,,,,,,68.06,25499881.0,44648.71
AUS,Australia,2020-10-12,27310.0,25.0,899.0,1.0,1070.985,0.98,1.0,,,,,27447.0,8035558.0,0.001,,,,,,,68.06,25499881.0,44648.71
AUS,Australia,2020-10-13,27337.0,27.0,904.0,5.0,1072.044,1.059,0.97,,,,,27430.0,8062988.0,0.001,,,,,,,68.06,25499881.0,44648.71
AUS,Australia,2020-10-14,27357.0,20.0,904.0,0.0,1072.829,0.784,0.94,,,,,46502.0,8109490.0,0.001,,,,,,,68.06,25499881.0,44648.71
AUS,Australia,2020-10-15,27371.0,14.0,904.0,0.0,1073.378,0.549,0.9,,,,,43626.0,8153116.0,0.001,,,,,,,68.06,25499881.0,44648.71
AUS,Australia,2020-10-16,27378.0,7.0,904.0,0.0,1073.652,0.275,0.87,,,,,,,0.001,,,,,,,68.06,25499881.0,44648.71
AUS,Australia,2020-10-17,27390.0,12.0,904.0,0.0,1074.123,0.471,0.87,,,,,,,0.0,,,,,,,68.06,25499881.0,44648.71
AUS,Australia,2020-10-18,27399.0,9.0,905.0,1.0,1074.476,0.353,0.89,,,,,,8276036.0,0.0,,,,,,,68.06,25499881.0,44648.71
AUS,Australia,2020-10-19,27405.0,6.0,905.0,0.0,1074.711,0.235,0.93,,,,,27338.0,8303374.0,0.0,,,,,,,68.06,25499881.0,44648.71
AUS,Australia,2020-10-20,27443.0,38.0,905.0,0.0,1076.201,1.49,1.0,,,,,28873.0,8332247.0,0.0,,,,,,,68.06,25499881.0,44648.71
AUS,Australia,2020-10-21,27458.0,15.0,905.0,0.0,1076.789,0.588,0.98,,,,,45759.0,8378006.0,0.0,,,,,,,68.06,25499881.0,44648.71
AUS,Australia,2020-10-22,27476.0,18.0,905.0,0.0,1077.495,0.706,0.96,,,,,45818.0,8423824.0,0.0,,,,,,,68.06,25499881.0,44648.71
AUS,Australia,2020-10-23,27495.0,19.0,905.0,0.0,1078.24,0.745,0.94,,,,,,,0.0,,,,,,,68.06,25499881.0,44648.71
AUS,Australia,2020-10-24,27513.0,18.0,905.0,0.0,1078.946,0.706,0.91,,,,,,,0.0,,,,,,,68.06,25499881.0,44648.71
AUS,Australia,2020-10-25,27525.0,12.0,905.0,0.0,1079.417,0.471,0.87,,,,,,8535842.0,0.0,,,,,,,68.06,25499881.0,44648.71
AUS,Australia,2020-10-26,27539.0,14.0,905.0,0.0,1079.966,0.549,0.85,,,,,31186.0,8567028.0,0.001,,,,,,,68.06,25499881.0,44648.71
AUS,Australia,2020-10-27,27553.0,14.0,907.0,2.0,1080.515,0.549,0.83,,,,,31530.0,8598558.0,0.0,,,,,,,68.06,25499881.0,44648.71
AUS,Australia,2020-10-28,27565.0,12.0,907.0,0.0,1080.985,0.471,0.81,,,,,51683.0,8650241.0,0.0,,,,,,,48.61,25499881.0,44648.71
AUS,Australia,2020-10-29,27579.0,14.0,907.0,0.0,1081.534,0.549,0.79,,,,,50670.0,8700911.0,0.0,,,,,,,48.61,25499881.0,44648.71
AUS,Australia,2020-10-30,27585.0,6.0,907.0,0.0,1081.77,0.235,0.76,,,,,,,0.0,,,,,,,50.46,25499881.0,44648.71
AUS,Australia,2020-10-31,27595.0,10.0,907.0,0.0,1082.162,0.392,0.75,,,,,,,0.0,,,,,,,50.46,25499881.0,44648.71
AUS,Australia,2020-11-01,27601.0,6.0,907.0,0.0,1082.397,0.235,0.75,,,,,,8825186.0,0.0,,,,,,,50.46,25499881.0,44648.71
AUS,Australia,2020-11-02,27610.0,9.0,907.0,0.0,1082.75,0.353,0.78,,,,,30215.0,8855401.0,0.0,,,,,,,50.46,25499881.0,44648.71
AUS,Australia,2020-11-03,27622.0,12.0,907.0,0.0,1083.221,0.471,0.79,,,,,31770.0,8887171.0,0.0,,,,,,,50.46,25499881.0,44648.71
AUS,Australia,2020-11-04,27630.0,8.0,907.0,0.0,1083.534,0.314,0.81,,,,,46392.0,8933563.0,0.0,,,,,,,50.46,25499881.0,44648.71
AUS,Australia,2020-11-05,27644.0,14.0,907.0,0.0,1084.083,0.549,0.82,,,,,43579.0,8977142.0,0.0,,,,,,,53.24,25499881.0,44648.71
AUS,Australia,2020-11-06,27652.0,8.0,907.0,0.0,1084.397,0.314,0.81,,,,,,,0.0,,,,,,,53.24,25499881.0,44648.71
AUS,Australia,2020-11-07,27658.0,6.0,907.0,0.0,1084.633,0.235,0.79,,,,,,,0.0,,,,,,,53.24,25499881.0,44648.71
AUS,Australia,2020-11-08,27665.0,7.0,907.0,0.0,1084.907,0.275,0.81,,,,,,9097814.0,0.0,,,,,,,55.09,25499881.0,44648.71
AUS,Australia,2020-11-09,27669.0,4.0,907.0,0.0,1085.064,0.157,0.84,,,,,29026.0,9126840.0,0.0,,,,,,,55.09,25499881.0,44648.71
AUS,Australia,2020-11-10,27671.0,2.0,907.0,0.0,1085.142,0.078,0.89,,,,,33373.0,9160213.0,0.0,,,,,,,55.09,25499881.0,44648.71
AUS,Australia,2020-11-11,27675.0,4.0,907.0,0.0,1085.299,0.157,0.98,,,,,52406.0,9212619.0,0.0,,,,,,,55.09,25499881.0,44648.71
AUS,Australia,2020-11-12,27676.0,1.0,907.0,0.0,1085.338,0.039,1.1,,,,,55862.0,9268481.0,0.0,,,,,,,55.09,25499881.0,44648.71
AUS,Australia,2020-11-13,27682.0,6.0,907.0,0.0,1085.574,0.235,1.28,,,,,,,0.0,,,,,,,55.09,25499881.0,44648.71
AUS,Australia,2020-11-14,27711.0,29.0,907.0,0.0,1086.711,1.137,1.47,,,,,,,0.0,,,,,,,55.09,25499881.0,44648.71
AUS,Australia,2020-11-15,27749.0,38.0,907.0,0.0,1088.201,1.49,1.49,,,,,,9379339.0,0.0,,,,,,,55.09,25499881.0,44648.71
AUS,Australia,2020-11-16,27758.0,9.0,907.0,0.0,1088.554,0.353,1.37,,,,,22430.0,9401769.0,0.0,,,,,,,55.09,25499881.0,44648.71
AUS,Australia,2020-11-17,27777.0,19.0,907.0,0.0,1089.299,0.745,1.28,,,,,39581.0,9441350.0,0.0,,,,,,,55.09,25499881.0,44648.71
AUS,Australia,2020-11-18,27785.0,8.0,907.0,0.0,1089.613,0.314,1.18,,,,,56696.0,9498046.0,0.0,,,,,,,55.09,25499881.0,44648.71
AUS,Australia,2020-11-19,27792.0,7.0,907.0,0.0,1089.887,0.275,1.12,,,,,61101.0,9559147.0,0.0,,,,,,,55.09,25499881.0,44648.71
AUS,Australia,2020-11-20,27806.0,14.0,907.0,0.0,1090.436,0.549,1.08,,,,,,,0.0,,,,,,,55.09,25499881.0,44648.71
AUS,Australia,2020-11-21,27821.0,15.0,907.0,0.0,1091.025,0.588,1.05,,,,,,,0.0,,,,,,,55.09,25499881.0,44648.71
AUS,Australia,2020-11-22,27834.0,13.0,907.0,0.0,1091.535,0.51,1.01,,,,,,9709190.0,0.0,,,,,,,50.0,25499881.0,44648.71
AUS,Australia,2020-11-23,27843.0,9.0,907.0,0.0,1091.887,0.353,0.99,,,,,31580.0,9740770.0,0.0,,,,,,,50.0,25499881.0,44648.71
AUS,Australia,2020-11-24,27853.0,10.0,907.0,0.0,1092.28,0.392,0.97,,,,,34960.0,9775730.0,0.0,,,,,,,50.0,25499881.0,44648.71
AUS,Australia,2020-11-25,27865.0,12.0,907.0,0.0,1092.75,0.471,0.96,,,,,51998.0,9827728.0,0.0,,,,,,,50.0,25499881.0,44648.71
AUS,Australia,2020-11-26,27873.0,8.0,907.0,0.0,1093.064,0.314,0.94,,,,,44283.0,9872011.0,0.0,,,,,,,50.0,25499881.0,44648.71
AUS,Australia,2020-11-27,27886.0,13.0,907.0,0.0,1093.574,0.51,0.93,,,,,,,0.0,,,,,,,50.0,25499881.0,44648.71
AUS,Australia,2020-11-28,27892.0,6.0,907.0,0.0,1093.809,0.235,0.92,,,,,,,0.0,,,,,,,50.0,25499881.0,44648.71
AUS,Australia,2020-11-29,27902.0,10.0,908.0,1.0,1094.201,0.392,0.93,,,,,,9972019.0,0.0,,,,,,,50.0,25499881.0,44648.71
AUS,Australia,2020-11-30,27912.0,10.0,908.0,0.0,1094.593,0.392,0.96,,,,,24224.0,9996243.0,0.0,,,,,,,50.0,25499881.0,44648.71
AUS,Australia,2020-12-01,27923.0,11.0,908.0,0.0,1095.025,0.431,0.98,,,,,28191.0,10024434.0,0.0,,,,,,,62.5,25499881.0,44648.71
AUS,Australia,2020-12-02,27939.0,16.0,908.0,0.0,1095.652,0.627,0.99,,,,,,,0.0,,,,,,,62.5,25499881.0,44648.71
AUS,Australia,2020-12-03,27949.0,10.0,908.0,0.0,1096.044,0.392,0.97,,,,,,10101699.0,0.0,,,,,,,62.5,25499881.0,44648.71
AUS,Australia,2020-12-04,27956.0,7.0,908.0,0.0,1096.319,0.275,0.94,,,,,,,0.0,,,,,,,62.5,25499881.0,44648.71
AUS,Australia,2020-12-05,27965.0,9.0,908.0,0.0,1096.672,0.353,0.94,,,,,,,0.0,,,,,,,62.5,25499881.0,44648.71
AUS,Australia,2020-12-06,27972.0,7.0,908.0,0.0,1096.946,0.275,0.96,,,,,,10181797.0,0.0,,,,,,,62.5,25499881.0,44648.71
AUS,Australia,2020-12-07,27987.0,15.0,908.0,0.0,1097.535,0.588,0.99,,,,,22632.0,10204429.0,0.0,,,,,,,62.5,25499881.0,44648.71
AUS,Australia,2020-12-08,27993.0,6.0,908.0,0.0,1097.77,0.235,0.99,,,,,22555.0,10226984.0,0.0,,,,,,,62.5,25499881.0,44648.71
AUS,Australia,2020-12-09,28000.0,7.0,908.0,0.0,1098.044,0.275,1.02,,,,,36826.0,10263810.0,0.0,,,,,,,62.5,25499881.0,44648.71
AUS,Australia,2020-12-10,28011.0,11.0,908.0,0.0,1098.476,0.431,1.06,,,,,37254.0,10301064.0,0.0,,,,,,,62.5,25499881.0,44648.71
AUS,Australia,2020-12-11,28025.0,14.0,908.0,0.0,1099.025,0.549,1.08,,,,,,,0.0,,,,,,,62.5,25499881.0,44648.71
AUS,Australia,2020-12-12,28030.0,5.0,908.0,0.0,1099.221,0.196,1.1,,,,,,,0.0,,,,,,,62.5,25499881.0,44648.71
AUS,Australia,2020-12-13,28037.0,7.0,908.0,0.0,1099.495,0.275,1.15,,,,,,10376952.0,0.0,,,,,,,62.5,25499881.0,44648.71
AUS,Australia,2020-12-14,28048.0,11.0,908.0,0.0,1099.927,0.431,1.24,,,,,,,0.0,,,,,,,62.5,25499881.0,44648.71
AUS,Australia,2020-12-15,28060.0,12.0,908.0,0.0,1100.397,0.471,1.33,,,,,,10419286.0,0.0,,,,,,,62.5,25499881.0,44648.71
AUS,Australia,2020-12-16,28072.0,12.0,908.0,0.0,1100.868,0.471,1.41,,,,,31854.0,10451140.0,0.0,,,,,,,62.5,25499881.0,44648.71
AUS,Australia,2020-12-17,28093.0,21.0,908.0,0.0,1101.691,0.824,1.51,,,,,28715.0,10479855.0,0.0,,,,,,,62.5,25499881.0,44648.71
AUS,Australia,2020-12-18,28126.0,33.0,908.0,0.0,1102.986,1.294,1.56,,,,,,,0.001,,,,,,,62.5,25499881.0,44648.71
AUS,Australia,2020-12-19,28168.0,42.0,908.0,0.0,1104.633,1.647,1.55,,,,,,,0.001,,,,,,,70.83,25499881.0,44648.71
AUS,Australia,2020-12-20,28198.0,30.0,908.0,0.0,1105.809,1.176,1.46,,,,,,10579410.0,0.001,,,,,,,70.83,25499881.0,44648.71
AUS,Australia,2020-12-21,28219.0,21.0,908.0,0.0,1106.633,0.824,1.37,,,,,70033.0,10649443.0,0.001,,,,,,,70.83,25499881.0,44648.71
AUS,Australia,2020-12-22,28237.0,18.0,908.0,0.0,1107.339,0.706,1.28,,,,,76094.0,10725537.0,0.001,,,,,,,70.83,25499881.0,44648.71
AUS,Australia,2020-12-23,28262.0,25.0,908.0,0.0,1108.319,0.98,1.23,,,,,89673.0,10815210.0,0.001,,,,,,,70.83,25499881.0,44648.71
AUS,Australia,2020-12-24,28274.0,12.0,908.0,0.0,1108.789,0.471,1.16,,,,,,,0.0,,,,,,,70.83,25499881.0,44648.71
AUS,Australia,2020-12-25,28297.0,23.0,908.0,0.0,1109.691,0.902,1.13,,,,,,,0.0,,,,,,,70.83,25499881.0,44648.71
AUS,Australia,2020-12-26,28308.0,11.0,908.0,0.0,1110.123,0.431,1.11,,,,,,,0.0,,,,,,,70.83,25499881.0,44648.71
AUS,Australia,2020-12-27,28337.0,29.0,909.0,1.0,1111.26,1.137,1.12,,,,,,11095166.0,0.0,,,,,,,70.83,25499881.0,44648.71
AUS,Australia,2020-12-28,28349.0,12.0,909.0,0.0,1111.731,0.471,1.11,,,,,29427.0,11124593.0,0.0,,,,,,,70.83,25499881.0,44648.71
AUS,Australia,2020-12-29,28381.0,32.0,909.0,0.0,1112.986,1.255,1.13,,,,,39311.0,11163904.0,0.0,,,,,,,70.83,25499881.0,44648.71
AUS,Australia,2020-12-30,28405.0,24.0,909.0,0.0,1113.927,0.941,1.11,,,,,40447.0,11204351.0,0.0,,,,,,,70.83,25499881.0,44648.71
AUS,Australia,2020-12-31,28425.0,20.0,909.0,0.0,1114.711,0.784,1.08,,,,,56285.0,11260636.0,0.0,,,,,,,70.83,25499881.0,44648.71
AUS,Australia,2021-01-01,28460.0,35.0,909.0,0.0,1116.084,1.373,1.06,,,,,,,0.0,,,,,,,70.83,25499881.0,44648.71
AUS,Australia,2021-01-02,28484.0,24.0,909.0,0.0,1117.025,0.941,1.02,,,,,,,0.001,,,,,,,70.83,25499881.0,44648.71
AUS,Australia,2021-01-03,28504.0,20.0,909.0,0.0,1117.809,0.784,0.96,,,,,,11428730.0,0.001,,,,,,,70.83,25499881.0,44648.71
AUS,Australia,2021-01-04,28517.0,13.0,909.0,0.0,1118.319,0.51,0.92,,,,,77267.0,11505997.0,0.0,,,,,,,70.83,25499881.0,44648.71
AUS,Australia,2021-01-05,28536.0,19.0,909.0,0.0,1119.064,0.745,0.9,,,,,84675.0,11590672.0,0.0,,,,,,,70.83,25499881.0,44648.71
AUS,Australia,2021-01-06,28546.0,10.0,909.0,0.0,1119.456,0.392,0.88,,,,,101274.0,11691946.0,0.0,,,,,,,70.83,25499881.0,44648.71
AUS,Australia,2021-01-07,28571.0,25.0,909.0,0.0,1120.437,0.98,0.88,,,,,87889.0,11779835.0,0.0,,,,,,,70.83,25499881.0,44648.71
AUS,Australia,2021-01-08,28582.0,11.0,909.0,0.0,1120.868,0.431,0.85,,,,,,,0.0,,,,,,,70.83,25499881.0,44648.71
AUS,Australia,2021-01-09,28595.0,13.0,909.0,0.0,1121.378,0.51,0.85,,,,,,,0.0,,,,,,,70.83,25499881.0,44648.71
AUS,Australia,2021-01-10,28614.0,19.0,909.0,0.0,1122.123,0.745,0.86,,,,,,12001728.0,0.0,,,,,,,70.83,25499881.0,44648.71
AUS,Australia,2021-01-11,28634.0,20.0,909.0,0.0,1122.907,0.784,0.86,,,,,77697.0,12079425.0,0.0,,,,,,,55.09,25499881.0,44648.71
AUS,Australia,2021-01-12,28650.0,16.0,909.0,0.0,1123.535,0.627,0.84,,,,,60177.0,12139602.0,0.0,,,,,,,55.09,25499881.0,44648.71
AUS,Australia,2021-01-13,28660.0,10.0,909.0,0.0,1123.927,0.392,0.82,,,,,69775.0,12209377.0,0.0,,,,,,,55.09,25499881.0,44648.71
AUS,Australia,2021-01-14,28669.0,9.0,909.0,0.0,1124.28,0.353,0.81,,,,,63170.0,12272547.0,0.0,,,,,,,55.09,25499881.0,44648.71
AUS,Australia,2021-01-15,28689.0,20.0,909.0,0.0,1125.064,0.784,0.82,,,,,,,0.0,,,,,,,55.09,25499881.0,44648.71
AUS,Australia,2021-01-16,28708.0,19.0,909.0,0.0,1125.809,0.745,0.81,,,,,,,0.0,,,,,,,55.09,25499881.0,44648.71
AUS,Australia,2021-01-17,28721.0,13.0,909.0,0.0,1126.319,0.51,0.77,,,,,,12405954.0,0.0,,,,,,,55.09,25499881.0,44648.71
AUS,Australia,2021-01-18,28731.0,10.0,909.0,0.0,1126.711,0.392,0.73,,,,,42020.0,12447974.0,0.0,,,,,,,55.09,25499881.0,44648.71
AUS,Australia,2021-01-19,28740.0,9.0,909.0,0.0,1127.064,0.353,0.7,,,,,40980.0,12488954.0,0.0,,,,,,,55.09,25499881.0,44648.71
AUS,Australia,2021-01-20,28749.0,9.0,909.0,0.0,1127.417,0.353,0.68,,,,,,,0.0,,,,,,,55.09,25499881.0,44648.71
AUS,Australia,2021-01-21,28755.0,6.0,909.0,0.0,1127.652,0.235,0.66,,,,,,12594719.0,0.0,,,,,,,55.09,25499881.0,44648.71
AUS,Australia,2021-01-22,28760.0,5.0,909.0,0.0,1127.848,0.196,0.65,,,,,,,0.0,,,,,,,55.09,25499881.0,44648.71
AUS,Australia,2021-01-23,28766.0,6.0,909.0,0.0,1128.084,0.235,0.66,,,,,,12681350.0,0.0,,,,,,,55.09,25499881.0,44648.71
AUS,Australia,2021-01-24,28777.0,11.0,909.0,0.0,1128.515,0.431,0.67,,,,,,,0.0,,,,,,,55.09,25499881.0,44648.71
AUS,Australia,2021-01-25,28780.0,3.0,909.0,0.0,1128.633,0.118,0.67,,,,,,,0.0,,,,,,,55.09,25499881.0,44648.71
AUS,Australia,2021-01-26,28786.0,6.0,909.0,0.0,1128.868,0.235,0.68,,,,,,12778139.0,0.0,,,,,,,55.09,25499881.0,44648.71
AUS,Australia,2021-01-27,28794.0,8.0,909.0,0.0,1129.182,0.314,0.7,,,,,36210.0,12814349.0,0.0,,,,,,,55.09,25499881.0,44648.71
AUS,Australia,2021-01-28,28799.0,5.0,909.0,0.0,1129.378,0.196,0.72,,,,,33864.0,12848213.0,0.0,,,,,,,55.09,25499881.0,44648.71
AUS,Australia,2021-01-29,28806.0,7.0,909.0,0.0,1129.652,0.275,0.74,,,,,,,0.0,,,,,,,55.09,25499881.0,44648.71
AUS,Australia,2021-01-30,28811.0,5.0,909.0,0.0,1129.848,0.196,0.76,,,,,,,0.0,,,,,,,55.09,25499881.0,44648.71
AUS,Australia,2021-01-31,28818.0,7.0,909.0,0.0,1130.123,0.275,0.77,,,,,,12951776.0,0.0,,,,,,,70.83,25499881.0,44648.71
AUS,Australia,2021-02-01,28823.0,5.0,909.0,0.0,1130.319,0.196,0.79,,,,,30319.0,12982095.0,0.0,,,,,,,78.24,25499881.0,44648.71
AUS,Australia,2021-02-02,28829.0,6.0,909.0,0.0,1130.554,0.235,0.81,,,,,36352.0,13018447.0,0.0,,,,,,,78.24,25499881.0,44648.71
AUS,Australia,2021-02-03,28838.0,9.0,909.0,0.0,1130.907,0.353,0.83,,,,,59220.0,13077667.0,0.0,,,,,,,78.24,25499881.0,44648.71
AUS,Australia,2021-02-04,28842.0,4.0,909.0,0.0,1131.064,0.157,0.83,,,,,,,0.0,,,,,,,78.24,25499881.0,44648.71
AUS,Australia,2021-02-05,28848.0,6.0,909.0,0.0,1131.299,0.235,0.84,,,,,,,0.0,,,,,,,63.43,25499881.0,44648.71
AUS,Australia,2021-02-06,28851.0,3.0,909.0,0.0,1131.417,0.118,0.85,,,,,,,0.0,,,,,,,63.43,25499881.0,44648.71
AUS,Australia,2021-02-07,28857.0,6.0,909.0,0.0,1131.652,0.235,0.88,,,,,,13261889.0,0.0,,,,,,,63.43,25499881.0,44648.71
AUS,Australia,2021-02-08,28860.0,3.0,909.0,0.0,1131.77,0.118,0.91,,,,,,,0.0,,,,,,,56.02,25499881.0,44648.71
AUS,Australia,2021-02-09,28871.0,11.0,909.0,0.0,1132.201,0.431,0.96,,,,,,,0.0,,,,,,,56.02,25499881.0,44648.71
AUS,Australia,2021-02-10,28879.0,8.0,909.0,0.0,1132.515,0.314,0.96,,,,,,13418052.0,0.0,,,,,,,56.02,25499881.0,44648.71
AUS,Australia,2021-02-11,28887.0,8.0,909.0,0.0,1132.829,0.314,0.94,,,,,60489.0,13478541.0,0.0,,,,,,,56.02,25499881.0,44648.71
AUS,Australia,2021-02-12,28892.0,5.0,909.0,0.0,1133.025,0.196,0.91,,,,,,,0.0,,,,,,,70.83,25499881.0,44648.71
AUS,Australia,2021-02-13,28898.0,6.0,909.0,0.0,1133.26,0.235,0.89,,,,,,,0.0,,,,,,,70.83,25499881.0,44648.71
AUS,Australia,2021-02-14,28900.0,2.0,909.0,0.0,1133.339,0.078,0.86,,,,,,13638907.0,0.0,,,,,,,70.83,25499881.0,44648.71
AUS,Australia,2021-02-15,28905.0,5.0,909.0,0.0,1133.535,0.196,0.86,,,,,63576.0,13702483.0,0.0,0.0,0.0,,,,,78.24,25499881.0,44648.71
AUS,Australia,2021-02-16,28911.0,6.0,909.0,0.0,1133.77,0.235,0.87,,,,,54959.0,13757442.0,0.0,0.0,0.0,,,0.0,,75.46,25499881.0,44648.71
AUS,Australia,2021-02-17,28912.0,1.0,909.0,0.0,1133.809,0.039,0.86,,,,,84860.0,13842302.0,0.0,0.0,0.0,,,0.0,,75.46,25499881.0,44648.71
AUS,Australia,2021-02-18,28918.0,6.0,909.0,0.0,1134.045,0.235,0.91,,,,,73162.0,13915464.0,0.0,0.0,0.0,,,0.0,,53.24,25499881.0,44648.71
AUS,Australia,2021-02-19,28920.0,2.0,909.0,0.0,1134.123,0.078,0.94,,,,,,,0.0,0.0,0.0,,,0.0,,53.24,25499881.0,44648.71
AUS,Australia,2021-02-20,28926.0,6.0,909.0,0.0,1134.358,0.235,1.0,,,,,,,0.0,0.0,0.0,,,0.0,,53.24,25499881.0,44648.71
AUS,Australia,2021-02-21,28930.0,4.0,909.0,0.0,1134.515,0.157,1.04,,,,,,14053806.0,0.0,0.0,0.0,,,0.0,,53.24,25499881.0,44648.71
AUS,Australia,2021-02-22,28937.0,7.0,909.0,0.0,1134.79,0.275,1.09,,,,,36501.0,14090307.0,0.0,20.0,20.0,,,20.0,,53.24,25499881.0,44648.71
AUS,Australia,2021-02-23,28939.0,2.0,909.0,0.0,1134.868,0.078,1.12,,,,,43521.0,14133828.0,0.0,2879.0,2879.0,,,2859.0,,53.24,25499881.0,44648.71
AUS,Australia,2021-02-24,28947.0,8.0,909.0,0.0,1135.182,0.314,1.19,,,,,56776.0,14190604.0,0.0,6908.0,6908.0,,,4029.0,,53.24,25499881.0,44648.71
AUS,Australia,2021-02-25,28957.0,10.0,909.0,0.0,1135.574,0.392,1.24,,,,,49940.0,14240544.0,0.0,17500.0,17500.0,,,10592.0,,53.24,25499881.0,44648.71
AUS,Australia,2021-02-26,28965.0,8.0,909.0,0.0,1135.888,0.314,1.26,,,,,,,0.0,25000.0,25000.0,,,7500.0,,53.24,25499881.0,44648.71
AUS,Australia,2021-02-27,28970.0,5.0,909.0,0.0,1136.084,0.196,1.26,,,,,,,0.0,30000.0,30000.0,,,5000.0,,50.46,25499881.0,44648.71
AUS,Australia,2021-02-28,28978.0,8.0,909.0,0.0,1136.397,0.314,1.27,,,,,,14349465.0,0.0,31894.0,31894.0,,,1894.0,,50.46,25499881.0,44648.71
AUS,Australia,2021-03-01,28986.0,8.0,909.0,0.0,1136.711,0.314,1.29,,,,,24226.0,14373691.0,0.0,33702.0,33702.0,,,1808.0,,50.46,25499881.0,44648.71
AUS,Australia,2021-03-02,28996.0,10.0,909.0,0.0,1137.103,0.392,1.3,,,,,39974.0,14413665.0,0.0,41907.0,41907.0,,,8205.0,,50.46,25499881.0,44648.71
AUS,Australia,2021-03-03,29007.0,11.0,909.0,0.0,1137.535,0.431,1.31,,,,,52921.0,14466586.0,0.0,50840.0,50840.0,,,8933.0,,50.46,25499881.0,44648.71
AUS,Australia,2021-03-04,29021.0,14.0,909.0,0.0,1138.084,0.549,1.31,,,,,49049.0,14515635.0,0.0,61008.0,61008.0,,,10168.0,,50.46,25499881.0,44648.71
AUS,Australia,2021-03-05,29029.0,8.0,909.0,0.0,1138.397,0.314,1.28,,,,,,,0.0,71867.0,71867.0,,,10859.0,,50.46,25499881.0,44648.71
AUS,Australia,2021-03-06,29034.0,5.0,909.0,0.0,1138.594,0.196,1.27,,,,,,,0.0,76940.0,76940.0,,,5073.0,,50.46,25499881.0,44648.71
AUS,Australia,2021-03-07,29046.0,12.0,909.0,0.0,1139.064,0.471,1.27,,,,,,,0.0,81345.0,81345.0,,,4405.0,,50.46,25499881.0,44648.71
AUS,Australia,2021-03-08,29061.0,15.0,909.0,0.0,1139.652,0.588,1.28,,,,,,,0.0,86369.0,86369.0,,,5024.0,,50.46,25499881.0,44648.71
AUS,Australia,2021-03-09,29074.0,13.0,909.0,0.0,1140.162,0.51,1.25,,,,,,,0.0,94908.0,94908.0,,,8539.0,,50.46,25499881.0,44648.71
AUS,Australia,2021-03-10,29090.0,16.0,909.0,0.0,1140.79,0.627,1.22,,,,,,,0.0,106200.0,106200.0,,,11292.0,,50.46,25499881.0,44648.71
AUS,Australia,2021-03-11,29102.0,12.0,909.0,0.0,1141.26,0.471,1.17,,,,,,14789896.0,0.0,125000.0,125000.0,,,18800.0,,50.46,25499881.0,44648.71
AUS,Australia,2021-03-12,29112.0,10.0,909.0,0.0,1141.652,0.392,1.13,,,,,,,0.0,135103.0,135103.0,,,10103.0,,50.46,25499881.0,44648.71
AUS,Australia,2021-03-13,29117.0,5.0,909.0,0.0,1141.848,0.196,1.1,,,,,,,0.0,159294.0,159294.0,,,24191.0,,50.46,25499881.0,44648.71
AUS,Australia,2021-03-14,29130.0,13.0,909.0,0.0,1142.358,0.51,1.09,,,,,,14901292.0,0.0,162551.0,162551.0,,,3257.0,,50.46,25499881.0,44648.71
AUS,Australia,2021-03-15,29137.0,7.0,909.0,0.0,1142.633,0.275,1.08,,,,,,,0.0,164781.0,,,,2230.0,,44.91,25499881.0,44648.71
AUS,Australia,2021-03-16,29154.0,17.0,909.0,0.0,1143.299,0.667,1.09,,,,,,,0.0,182437.0,,,,17656.0,,44.91,25499881.0,44648.71
AUS,Australia,2021-03-17,29166.0,12.0,909.0,0.0,1143.77,0.471,1.07,,,,,,,0.0,203557.0,,,,21120.0,,44.91,25499881.0,44648.71
AUS,Australia,2021-03-18,29183.0,17.0,909.0,0.0,1144.437,0.667,1.05,,,,,,15072203.0,0.0,226057.0,,,,22500.0,,44.91,25499881.0,44648.71
AUS,Australia,2021-03-19,29192.0,9.0,909.0,0.0,1144.79,0.353,1.01,,,,,,,0.0,240754.0,,,,14697.0,,44.91,25499881.0,44648.71
AUS,Australia,2021-03-20,29196.0,4.0,909.0,0.0,1144.947,0.157,0.97,,,,,,,0.0,253831.0,,,,13077.0,,44.91,25499881.0,44648.71
AUS,Australia,2021-03-21,29206.0,10.0,909.0,0.0,1145.339,0.392,0.96,,,,,,15187732.0,0.0,257019.0,,,,3188.0,,44.91,25499881.0,44648.71
AUS,Australia,2021-03-22,29211.0,5.0,909.0,0.0,1145.535,0.196,0.95,,,,,30548.0,15218280.0,0.0,282184.0,,,,25165.0,,44.91,25499881.0,44648.71
AUS,Australia,2021-03-23,29221.0,10.0,909.0,0.0,1145.927,0.392,0.97,,,,,,,0.0,307525.0,,,,25341.0,,44.91,25499881.0,44648.71
AUS,Australia,2021-03-24,29230.0,9.0,909.0,0.0,1146.28,0.353,1.0,,,,,,15295578.0,0.0,355254.0,,,,47729.0,,44.91,25499881.0,44648.71
AUS,Australia,2021-03-25,29239.0,9.0,909.0,0.0,1146.633,0.353,1.04,,,,,39005.0,15334583.0,0.0,408410.0,,,,53156.0,,44.91,25499881.0,44648.71
AUS,Australia,2021-03-26,29252.0,13.0,909.0,0.0,1147.143,0.51,1.08,,,,,,,0.0,460155.0,,,,51745.0,,50.46,25499881.0,44648.71
AUS,Australia,2021-03-27,29259.0,7.0,909.0,0.0,1147.417,0.275,1.11,,,,,,,0.0,506465.0,,,,46310.0,,50.46,25499881.0,44648.71
AUS,Australia,2021-03-28,29276.0,17.0,909.0,0.0,1148.084,0.667,1.13,,,,,,15438469.0,0.0,511520.0,,,,5055.0,,50.46,25499881.0,44648.71
AUS,Australia,2021-03-29,29296.0,20.0,909.0,0.0,1148.868,0.784,1.13,,,,,45086.0,15483555.0,0.0,541761.0,,,,30241.0,,75.46,25499881.0,44648.71
AUS,Australia,2021-03-30,29304.0,8.0,909.0,0.0,1149.182,0.314,1.08,,,,,44889.0,15528444.0,0.0,597523.0,,,,55762.0,,75.46,25499881.0,44648.71
AUS,Australia,2021-03-31,29322.0,18.0,909.0,0.0,1149.888,0.706,1.06,,,,,84776.0,15613220.0,0.0,670349.0,,,,72826.0,,75.46,25499881.0,44648.71
AUS,Australia,2021-04-01,29333.0,11.0,909.0,0.0,1150.319,0.431,1.02,,,,,85666.0,15698886.0,0.0,744328.0,,,,73979.0,,46.76,25499881.0,44648.71
AUS,Australia,2021-04-02,29341.0,8.0,909.0,0.0,1150.633,0.314,0.99,,,,,,,0.0,823611.0,,,,79283.0,,46.76,25499881.0,44648.71
AUS,Australia,2021-04-03,29348.0,7.0,909.0,0.0,1150.907,0.275,0.96,,,,,,,0.0,828416.0,,,,4805.0,,46.76,25499881.0,44648.71
AUS,Australia,2021-04-04,29357.0,9.0,909.0,0.0,1151.26,0.353,0.95,,,,,,,0.0,843182.0,,,,14766.0,,46.76,25499881.0,44648.71
AUS,Australia,2021-04-05,29365.0,8.0,909.0,0.0,1151.574,0.314,0.95,,,,,,15892476.0,0.0,844309.0,,,,1127.0,,46.76,25499881.0,44648.71
AUS,Australia,2021-04-06,29379.0,14.0,909.0,0.0,1152.123,0.549,0.96,,,,,28581.0,15921057.0,0.0,854983.0,,,,10674.0,,46.76,25499881.0,44648.71
AUS,Australia,2021-04-07,29385.0,6.0,909.0,0.0,1152.358,0.235,0.96,,,,,32561.0,15953618.0,0.0,920334.0,,,,65351.0,,46.76,25499881.0,44648.71
AUS,Australia,2021-04-08,29390.0,5.0,909.0,0.0,1152.554,0.196,0.98,,,,,44549.0,15998167.0,0.0,996145.0,,,,75811.0,,46.76,25499881.0,44648.71
AUS,Australia,2021-04-09,29396.0,6.0,909.0,0.0,1152.79,0.235,1.04,,,,,,,0.0,1077511.0,,,,81366.0,,46.76,25499881.0,44648.71
AUS,Australia,2021-04-10,29405.0,9.0,909.0,0.0,1153.143,0.353,1.12,,,,,,,0.0,1138866.0,,,,61355.0,,46.76,25499881.0,44648.71
AUS,Australia,2021-04-11,29419.0,14.0,909.0,0.0,1153.692,0.549,1.18,,,,,,16113569.0,0.0,1166568.0,,,,27702.0,,46.76,25499881.0,44648.71
AUS,Australia,2021-04-12,29429.0,10.0,910.0,1.0,1154.084,0.392,1.23,,,,,32317.0,16145886.0,0.0,1178302.0,,,,11734.0,,46.76,25499881.0,44648.71
AUS,Australia,2021-04-13,29450.0,21.0,910.0,0.0,1154.907,0.824,1.29,,,,,28512.0,16174398.0,0.0,1234681.0,,,,56379.0,,46.76,25499881.0,44648.71
AUS,Australia,2021-04-14,29469.0,19.0,910.0,0.0,1155.652,0.745,1.31,,,,,45793.0,16220191.0,0.0,1295672.0,,,,60991.0,,46.76,25499881.0,44648.71
AUS,Australia,2021-04-15,29484.0,15.0,910.0,0.0,1156.241,0.588,1.31,,,,,44406.0,16264597.0,0.0,1359665.0,,,,63993.0,,44.91,25499881.0,44648.71
AUS,Australia,2021-04-16,29499.0,15.0,910.0,0.0,1156.829,0.588,1.32,,,,,,,0.0,1420577.0,,,,60912.0,,44.91,25499881.0,44648.71
AUS,Australia,2021-04-17,29519.0,20.0,910.0,0.0,1157.613,0.784,1.32,,,,,,,0.0,1474558.0,,,,53981.0,,44.91,25499881.0,44648.71
AUS,Australia,2021-04-18,29533.0,14.0,910.0,0.0,1158.162,0.549,1.31,,,,,,16357455.0,0.0,1496912.0,,,,22354.0,,44.91,25499881.0,44648.71
AUS,Australia,2021-04-19,29556.0,23.0,910.0,0.0,1159.064,0.902,1.31,,,,,28648.0,16386103.0,0.001,1586556.0,,,,89644.0,,39.35,25499881.0,44648.71
AUS,Australia,2021-04-20,29576.0,20.0,910.0,0.0,1159.849,0.784,1.3,,,,,27878.0,16413981.0,0.001,1653286.0,,,,66730.0,,39.35,25499881.0,44648.71
AUS,Australia,2021-04-21,29594.0,18.0,910.0,0.0,1160.554,0.706,1.3,,,,,37749.0,16451730.0,0.001,1718107.0,,,,64821.0,,39.35,25499881.0,44648.71
AUS,Australia,2021-04-22,29638.0,44.0,910.0,0.0,1162.28,1.725,1.32,,,,,37186.0,16488916.0,0.001,1785338.0,,,,67231.0,,39.35,25499881.0,44648.71
AUS,Australia,2021-04-23,29653.0,15.0,910.0,0.0,1162.868,0.588,1.25,,,,,33457.0,16522373.0,0.001,1855601.0,,,,70263.0,,39.35,25499881.0,44648.71
AUS,Australia,2021-04-24,29663.0,10.0,910.0,0.0,1163.26,0.392,1.2,,,,,,,0.001,1914047.0,,,,58446.0,,75.46,25499881.0,44648.71
AUS,Australia,2021-04-25,29680.0,17.0,910.0,0.0,1163.927,0.667,1.18,,,,,,,0.001,1934077.0,,,,20030.0,,75.46,25499881.0,44648.71
AUS,Australia,2021-04-26,29717.0,37.0,910.0,0.0,1165.378,1.451,1.19,,,,,,16615179.0,0.001,1937485.0,,,,3408.0,,75.46,25499881.0,44648.71
AUS,Australia,2021-04-27,29750.0,33.0,910.0,0.0,1166.672,1.294,1.14,,,,,71455.0,16686634.0,0.001,1969337.0,,,,31852.0,,54.17,25499881.0,44648.71
AUS,Australia,2021-04-28,29773.0,23.0,910.0,0.0,1167.574,0.902,1.07,,,,,59461.0,16746095.0,0.001,2029544.0,,,,60207.0,,54.17,25499881.0,44648.71
AUS,Australia,2021-04-29,29798.0,25.0,910.0,0.0,1168.554,0.98,1.01,,,,,50422.0,16796517.0,0.001,2112285.0,,,,82741.0,,54.17,25499881.0,44648.71
AUS,Australia,2021-04-30,29811.0,13.0,910.0,0.0,1169.064,0.51,0.94,,,,,,,0.001,2179544.0,,,,67259.0,,54.17,25499881.0,44648.71
AUS,Australia,2021-05-01,29824.0,13.0,910.0,0.0,1169.574,0.51,0.89,,,,,,,0.001,2234844.0,,,,55300.0,,44.91,25499881.0,44648.71
AUS,Australia,2021-05-02,29838.0,14.0,910.0,0.0,1170.123,0.549,0.85,,,,,,16907151.0,0.0,2254074.0,,,,19230.0,,48.61,25499881.0,44648.71
AUS,Australia,2021-05-03,29850.0,12.0,910.0,0.0,1170.594,0.471,0.81,,,,,39065.0,16946216.0,0.0,2260615.0,,,,6541.0,,48.61,25499881.0,44648.71
AUS,Australia,2021-05-04,29865.0,15.0,910.0,0.0,1171.182,0.588,0.8,,,,,30733.0,16976949.0,0.0,2316969.0,,,,56354.0,,48.61,25499881.0,44648.71
AUS,Australia,2021-05-05,29884.0,19.0,910.0,0.0,1171.927,0.745,0.79,,,,,53237.0,17030186.0,0.0,2396314.0,,,,79345.0,,48.61,25499881.0,44648.71
AUS,Australia,2021-05-06,29893.0,9.0,910.0,0.0,1172.28,0.353,0.77,,,,,50635.0,17080821.0,0.0,2473529.0,,,,77215.0,,48.61,25499881.0,44648.71
AUS,Australia,2021-05-07,29906.0,13.0,910.0,0.0,1172.79,0.51,0.75,,,,,,,0.0,2554531.0,,,,81002.0,,48.61,25499881.0,44648.71
AUS,Australia,2021-05-08,29922.0,16.0,910.0,0.0,1173.417,0.627,0.73,,,,,,,0.0,2627725.0,,,,73194.0,,44.91,25499881.0,44648.71
AUS,Australia,2021-05-09,29931.0,9.0,910.0,0.0,1173.77,0.353,0.7,,,,,,17221109.0,0.0,2654338.0,,,,26613.0,,44.91,25499881.0,44648.71
AUS,Australia,2021-05-10,29938.0,7.0,910.0,0.0,1174.045,0.275,0.67,,,,,38739.0,17259848.0,0.0,2663221.0,,,,8883.0,,44.91,25499881.0,44648.71
AUS,Australia,2021-05-11,29946.0,8.0,910.0,0.0,1174.358,0.314,0.65,,,,,35191.0,17295039.0,0.0,2736107.0,,,,72886.0,,39.35,25499881.0,44648.71
AUS,Australia,2021-05-12,29955.0,9.0,910.0,0.0,1174.711,0.353,0.65,,,,,61475.0,17356514.0,0.0,2812486.0,,,,76379.0,,39.35,25499881.0,44648.71
AUS,Australia,2021-05-13,29957.0,2.0,910.0,0.0,1174.79,0.078,0.65,,,,,55232.0,17411746.0,0.0,2894770.0,,,,82284.0,,39.35,25499881.0,44648.71
AUS,Australia,2021-05-14,29964.0,7.0,910.0,0.0,1175.064,0.275,0.68,,,,,,,0.0,2978265.0,,,,83495.0,,39.35,25499881.0,44648.71
AUS,Australia,2021-05-15,29975.0,11.0,910.0,0.0,1175.496,0.431,0.7,,,,,,,0.0,3056797.0,,,,78532.0,,39.35,25499881.0,44648.71
AUS,Australia,2021-05-16,29978.0,3.0,910.0,0.0,1175.613,0.118,0.69,,,,,,17542376.0,0.0,3089184.0,,,,32387.0,,39.35,25499881.0,44648.71
AUS,Australia,2021-05-17,29983.0,5.0,910.0,0.0,1175.809,0.196,0.72,,,,,38665.0,17581041.0,0.0,3100137.0,,,,10953.0,,36.57,25499881.0,44648.71
AUS,Australia,2021-05-18,29992.0,9.0,910.0,0.0,1176.162,0.353,0.75,,,,,,,0.0,3183324.0,,,,83187.0,,36.57,25499881.0,44648.71
AUS,Australia,2021-05-19,29995.0,3.0,910.0,0.0,1176.28,0.118,0.78,,,,,,17679009.0,0.0,3278854.0,,,,95530.0,,36.57,25499881.0,44648.71
AUS,Australia,2021-05-20,29999.0,4.0,910.0,0.0,1176.437,0.157,0.83,,,,,55245.0,17734254.0,0.0,3371728.0,,,,92874.0,,36.57,25499881.0,44648.71
AUS,Australia,2021-05-21,30003.0,4.0,910.0,0.0,1176.594,0.157,0.9,,,,,,,0.0,3472874.0,,,,101146.0,,36.57,25499881.0,44648.71
AUS,Australia,2021-05-22,30007.0,4.0,910.0,0.0,1176.751,0.157,0.99,,,,,,,0.0,3562495.0,,,,89621.0,,36.57,25499881.0,44648.71
AUS,Australia,2021-05-23,30019.0,12.0,910.0,0.0,1177.221,0.471,1.1,,,,,,17857120.0,0.0,3599964.0,,,,37469.0,,36.57,25499881.0,44648.71
AUS,Australia,2021-05-24,30029.0,10.0,910.0,0.0,1177.613,0.392,1.17,,,,,33970.0,17891090.0,0.0,3613053.0,3196760.0,416293.0,,13089.0,,36.57,25499881.0,44648.71
AUS,Australia,2021-05-25,30046.0,17.0,910.0,0.0,1178.28,0.667,1.23,,,,,35564.0,17926654.0,0.0,3690622.0,3271385.0,419237.0,,77569.0,,42.13,25499881.0,44648.71
AUS,Australia,2021-05-26,30063.0,17.0,910.0,0.0,1178.947,0.667,1.23,,,,,61494.0,17988148.0,0.0,3795280.0,3322398.0,472882.0,,104658.0,,47.69,25499881.0,44648.71
AUS,Australia,2021-05-27,30074.0,11.0,910.0,0.0,1179.378,0.431,1.2,,,,,81048.0,18069196.0,0.0,3906668.0,3424987.0,481681.0,,111388.0,,47.69,25499881.0,44648.71
AUS,Australia,2021-05-28,30083.0,9.0,910.0,0.0,1179.731,0.353,1.16,,,,,95647.0,18164843.0,0.0,4031539.0,3540220.0,491319.0,,124871.0,,75.46,25499881.0,44648.71
AUS,Australia,2021-05-29,30096.0,13.0,910.0,0.0,1180.241,0.51,1.14,,,,,,,0.0,4153149.0,3657125.0,496024.0,,121610.0,,75.46,25499881.0,44648.71
AUS,Australia,2021-05-30,30105.0,9.0,910.0,0.0,1180.594,0.353,1.11,,,,,,,0.0,4212899.0,3715078.0,497821.0,,59750.0,,75.46,25499881.0,44648.71
AUS,Australia,2021-05-31,30118.0,13.0,910.0,0.0,1181.104,0.51,1.1,,,,,,18398692.0,0.0,4243600.0,3744363.0,499237.0,,30701.0,,75.46,25499881.0,44648.71
AUS,Australia,2021-06-01,30124.0,6.0,910.0,0.0,1181.339,0.235,1.08,,,,,65263.0,18463955.0,0.0,4362739.0,3859771.0,502968.0,,119139.0,,75.46,25499881.0,44648.71
AUS,Australia,2021-06-02,30137.0,13.0,910.0,0.0,1181.849,0.51,1.09,,,,,87280.0,18551235.0,0.0,4501444.0,3960813.0,540631.0,,138705.0,,75.46,25499881.0,44648.71
AUS,Australia,2021-06-03,30141.0,4.0,910.0,0.0,1182.006,0.157,1.1,,,,,92378.0,18643613.0,0.0,4642703.0,4093811.0,548892.0,,141259.0,,75.46,25499881.0,44648.71
AUS,Australia,2021-06-04,30157.0,16.0,910.0,0.0,1182.633,0.627,1.14,,,,,,,0.0,4786362.0,4228887.0,557475.0,,143659.0,,71.76,25499881.0,44648.71
AUS,Australia,2021-06-05,30173.0,16.0,910.0,0.0,1183.26,0.627,1.14,,,,,,,0.0,4927607.0,4362791.0,564816.0,,141245.0,,71.76,25499881.0,44648.71
AUS,Australia,2021-06-06,30191.0,18.0,910.0,0.0,1183.966,0.706,1.13,,,,,,18873670.0,0.0,5016352.0,4447862.0,568490.0,,88745.0,,71.76,25499881.0,44648.71
AUS,Australia,2021-06-07,30205.0,14.0,910.0,0.0,1184.515,0.549,1.09,,,,,88142.0,18961812.0,0.0,5076413.0,4500429.0,575984.0,,60061.0,,71.76,25499881.0,44648.71
AUS,Australia,2021-06-08,30210.0,5.0,910.0,0.0,1184.711,0.196,1.04,,,,,55734.0,19017546.0,0.0,5203977.0,4568861.0,635116.0,,127564.0,,71.76,25499881.0,44648.71
AUS,Australia,2021-06-09,30225.0,15.0,910.0,0.0,1185.3,0.588,1.03,,,,,73284.0,19090830.0,0.0,5344862.0,4695288.0,649574.0,,140885.0,,71.76,25499881.0,44648.71
AUS,Australia,2021-06-10,30228.0,3.0,910.0,0.0,1185.417,0.118,1.01,,,,,66779.0,19157609.0,0.0,5487670.0,4831188.0,656482.0,,142808.0,,71.76,25499881.0,44648.71
AUS,Australia,2021-06-11,30234.0,6.0,910.0,0.0,1185.653,0.235,1.03,,,,,55165.0,19212774.0,0.0,5641008.0,4972011.0,668997.0,,153338.0,,53.24,25499881.0,44648.71
AUS,Australia,2021-06-12,30248.0,14.0,910.0,0.0,1186.202,0.549,1.07,,,,,48984.0,19261758.0,0.0,5773924.0,5090527.0,683397.0,,132916.0,,53.24,25499881.0,44648.71
AUS,Australia,2021-06-13,30262.0,14.0,910.0,0.0,1186.751,0.549,1.1,,,,,,,0.0,5834746.0,5141504.0,693242.0,,60822.0,,53.24,25499881.0,44648.71
AUS,Australia,2021-06-14,30273.0,11.0,910.0,0.0,1187.182,0.431,1.12,,,,,,19354043.0,0.0,5867299.0,5172427.0,694872.0,,32553.0,,53.24,25499881.0,44648.71
AUS,Australia,2021-06-15,30286.0,13.0,910.0,0.0,1187.692,0.51,1.14,,,,,40751.0,19394794.0,0.0,5931245.0,5232353.0,698892.0,,63946.0,,53.24,25499881.0,44648.71
AUS,Australia,2021-06-16,30301.0,15.0,910.0,0.0,1188.28,0.588,1.16,,,,,47437.0,19442231.0,0.0,6083320.0,5304987.0,778333.0,,152075.0,,53.24,25499881.0,44648.71
AUS,Australia,2021-06-17,30309.0,8.0,910.0,0.0,1188.594,0.314,1.18,,,,,70468.0,19512699.0,0.0,6219330.0,5418764.0,800566.0,,136010.0,,53.24,25499881.0,44648.71
AUS,Australia,2021-06-18,30322.0,13.0,910.0,0.0,1189.104,0.51,1.21,,,,,,,0.0,6360666.0,5539659.0,821007.0,,141336.0,,53.24,25499881.0,44648.71
AUS,Australia,2021-06-19,30331.0,9.0,910.0,0.0,1189.457,0.353,1.25,,,,,,,0.0,,,,,,,53.24,25499881.0,44648.71
AUS,Australia,2021-06-20,30355.0,24.0,910.0,0.0,1190.398,0.941,1.31,,,,,,19717548.0,0.0,,,,,,,53.24,25499881.0,44648.71
AUS,Australia,2021-06-21,30366.0,11.0,910.0,0.0,1190.829,0.431,1.34,,,,,61683.0,19779231.0,0.0,,,,,,,53.24,25499881.0,44648.71
AUS,Australia,2021-06-22,30380.0,14.0,910.0,0.0,1191.378,0.549,1.4,,,,,59135.0,19838366.0,0.0,6719384.0,5632040.0,1087344.0,,,,53.24,25499881.0,44648.71
AUS,Australia,2021-06-23,30404.0,24.0,910.0,0.0,1192.319,0.941,1.46,,,,,95872.0,19934238.0,0.0,6860276.0,5745875.0,1114401.0,,140892.0,,53.24,25499881.0,44648.71
AUS,Australia,2021-06-24,30424.0,20.0,910.0,0.0,1193.104,0.784,1.52,,,,,95014.0,20029252.0,0.0,6999198.0,5868407.0,1130791.0,,138922.0,,53.24,25499881.0,44648.71
AUS,Australia,2021-06-25,30457.0,33.0,910.0,0.0,1194.398,1.294,1.56,,,,,,,0.0,7137632.0,5967916.0,1169716.0,,138434.0,,53.24,25499881.0,44648.71
AUS,Australia,2021-06-26,30499.0,42.0,910.0,0.0,1196.045,1.647,1.58,,,,,,,0.0,,,,,,,68.06,25499881.0,44648.71
AUS,Australia,2021-06-27,30528.0,29.0,910.0,0.0,1197.182,1.137,1.54,,,,,,20303632.0,0.0,,,,,,,71.76,25499881.0,44648.71
AUS,Australia,2021-06-28,30560.0,32.0,910.0,0.0,1198.437,1.255,1.53,,,,,,,0.0,,,,,,,71.76,25499881.0,44648.71
AUS,Australia,2021-06-29,30602.0,42.0,910.0,0.0,1200.084,1.647,1.52,,,,,,20534375.0,0.0,7500700.0,6023340.0,1477360.0,,,,68.06,25499881.0,44648.71
AUS,Australia,2021-06-30,30643.0,41.0,910.0,0.0,1201.692,1.608,1.49,,,,,150542.0,20684917.0,0.0,7645585.0,6144110.0,1501475.0,,144885.0,,68.06,25499881.0,44648.71
AUS,Australia,2021-07-01,30684.0,41.0,910.0,0.0,1203.3,1.608,1.46,,,,,155772.0,20840689.0,0.0,,,,,,,68.06,25499881.0,44648.71
AUS,Australia,2021-07-02,30734.0,50.0,910.0,0.0,1205.261,1.961,1.42,,,,,,,0.0,7970153.0,6243880.0,1726273.0,,,,68.06,25499881.0,44648.71
AUS,Australia,2021-07-03,30753.0,19.0,910.0,0.0,1206.006,0.745,1.38,,,,,,,0.0,8121649.0,6313383.0,1808266.0,,151496.0,,68.06,25499881.0,44648.71
AUS,Australia,2021-07-04,30804.0,51.0,910.0,0.0,1208.006,2.0,1.38,,,,,,21226249.0,0.0,8201367.0,6345621.0,1855746.0,,79718.0,,68.06,25499881.0,44648.71
AUS,Australia,2021-07-05,30831.0,27.0,910.0,0.0,1209.064,1.059,1.38,,,,,132049.0,21358298.0,0.0,8255473.0,6377852.0,1877621.0,,54106.0,,68.06,25499881.0,44648.71
AUS,Australia,2021-07-06,30861.0,30.0,910.0,0.0,1210.241,1.176,1.4,,,,,92197.0,21450495.0,0.0,8402191.0,6457966.0,1944225.0,,146718.0,,68.06,25499881.0,44648.71
AUS,Australia,2021-07-07,30903.0,42.0,910.0,0.0,1211.888,1.647,1.46,,,,,97403.0,21547898.0,0.0,8567666.0,6543731.0,2023935.0,,165475.0,,68.06,25499881.0,44648.71
AUS,Australia,2021-07-08,30951.0,48.0,910.0,0.0,1213.77,1.882,1.52,,,,,85235.0,21633133.0,0.0,8706799.0,6607324.0,2099475.0,,139133.0,,68.06,25499881.0,44648.71
AUS,Australia,2021-07-09,31015.0,64.0,910.0,0.0,1216.28,2.51,1.59,,,,,,,0.0,8871572.0,6691028.0,2180544.0,,164773.0,,68.06,25499881.0,44648.71
AUS,Australia,2021-07-10,31100.0,85.0,911.0,1.0,1219.614,3.333,1.65,,,,,,,0.0,9014072.0,6759474.0,2254598.0,,142500.0,,68.06,25499881.0,44648.71
AUS,Australia,2021-07-11,31221.0,121.0,911.0,0.0,1224.359,4.745,1.68,,,,,,21907348.0,0.001,9097969.0,6794122.0,2303847.0,,83897.0,,68.06,25499881.0,44648.71
AUS,Australia,2021-07-12,31323.0,102.0,912.0,1.0,1228.359,4.0,1.66,,,,,139699.0,22047047.0,0.001,9149817.0,6824096.0,2325721.0,,51848.0,,68.06,25499881.0,44648.71
AUS,Australia,2021-07-13,31429.0,106.0,912.0,0.0,1232.516,4.157,1.62,,,,,102200.0,22149247.0,0.001,9304026.0,6903254.0,2400772.0,,154209.0,,68.06,25499881.0,44648.71
AUS,Australia,2021-07-14,31513.0,84.0,912.0,0.0,1235.81,3.294,1.58,,,,,126678.0,22275925.0,0.001,9469145.0,6980496.0,2488649.0,,165119.0,,68.06,25499881.0,44648.71
AUS,Australia,2021-07-15,31626.0,113.0,912.0,0.0,1240.241,4.431,1.56,,,,,113068.0,22388993.0,0.001,9631807.0,7053295.0,2578512.0,,162662.0,,68.06,25499881.0,44648.71
AUS,Australia,2021-07-16,31771.0,145.0,913.0,1.0,1245.927,5.686,1.54,,,,,,,0.001,9806809.0,7136864.0,2669945.0,,175002.0,,68.06,25499881.0,44648.71
AUS,Australia,2021-07-17,31899.0,128.0,914.0,1.0,1250.947,5.02,1.5,,,,,,,0.001,9970746.0,7217235.0,2753511.0,,163937.0,,68.06,25499881.0,44648.71
AUS,Australia,2021-07-18,32016.0,117.0,914.0,0.0,1255.535,4.588,1.46,,,,,,,0.001,10067446.0,7265578.0,2801868.0,,96700.0,,68.06,25499881.0,44648.71
AUS,Australia,2021-07-19,32120.0,104.0,915.0,1.0,1259.614,4.078,1.44,,,,,,22992738.0,0.001,10125533.0,7297274.0,2828259.0,,58087.0,,68.06,25499881.0,44648.71
AUS,Australia,2021-07-20,32266.0,146.0,915.0,0.0,1265.339,5.726,1.44,,,,,,,0.001,10295444.0,7388641.0,2906803.0,,169911.0,,68.06,25499881.0,44648.71
AUS,Australia,2021-07-21,32426.0,160.0,915.0,0.0,1271.614,6.275,1.43,,,,,,,0.001,10470033.0,7475337.0,2994696.0,,174589.0,,68.06,25499881.0,44648.71
AUS,Australia,2021-07-22,32582.0,156.0,916.0,1.0,1277.731,6.118,1.42,,,,,,23484726.0,0.001,10654563.0,7564430.0,3090133.0,,184530.0,,68.06,25499881.0,44648.71
AUS,Australia,2021-07-23,32753.0,171.0,916.0,0.0,1284.437,6.706,1.4,,,,,,,0.001,10850993.0,7667567.0,3183426.0,,196430.0,,68.06,25499881.0,44648.71
AUS,Australia,2021-07-24,32918.0,165.0,918.0,2.0,1290.908,6.471,1.39,,,,,,,0.001,11032835.0,7760871.0,3271964.0,,181842.0,,68.06,25499881.0,44648.71
AUS,Australia,2021-07-25,33082.0,164.0,918.0,0.0,1297.339,6.431,1.38,,,,,,,0.001,11140511.0,7813298.0,3327213.0,,107676.0,,68.06,25499881.0,44648.71
AUS,Australia,2021-07-26,33266.0,184.0,922.0,4.0,1304.555,7.216,1.38,,,,,,24177665.0,0.001,11211447.0,7852442.0,3359005.0,,70936.0,,68.06,25499881.0,44648.71
AUS,Australia,2021-07-27,33473.0,207.0,921.0,-1.0,1312.673,8.118,1.38,,,,,,,0.001,11396784.0,7951762.0,3445022.0,,185337.0,,68.06,25499881.0,44648.71
AUS,Australia,2021-07-28,33726.0,253.0,923.0,2.0,1322.594,9.922,1.37,,,,,,,0.001,11593766.0,8048704.0,3545062.0,,196982.0,,68.06,25499881.0,44648.71
AUS,Australia,2021-07-29,33909.0,183.0,923.0,0.0,1329.771,7.177,1.35,,,,,,24697611.0,0.001,11795236.0,8170354.0,3624882.0,,201470.0,,68.06,25499881.0,44648.71
AUS,Australia,2021-07-30,34130.0,221.0,924.0,1.0,1338.438,8.667,1.34,,,,,,,0.001,12005978.0,8276192.0,3729786.0,,210742.0,,68.06,25499881.0,44648.71
AUS,Australia,2021-07-31,34383.0,253.0,924.0,0.0,1348.359,9.922,1.34,,,,,,,0.001,12206684.0,8373750.0,3832934.0,,200706.0,,68.06,25499881.0,44648.71
AUS,Australia,2021-08-01,34612.0,229.0,925.0,1.0,1357.34,8.98,1.33,,,,,,,0.001,12317727.0,8424188.0,3893539.0,,111043.0,,68.06,25499881.0,44648.71
AUS,Australia,2021-08-02,34836.0,224.0,925.0,0.0,1366.124,8.784,1.33,,,,,,25366855.0,0.001,12393893.0,8462933.0,3930960.0,,76166.0,,68.06,25499881.0,44648.71
AUS,Australia,2021-08-03,35089.0,253.0,927.0,2.0,1376.046,9.922,1.34,,,,,,,0.001,12594451.0,8566793.0,4027658.0,,200558.0,,68.06,25499881.0,44648.71
AUS,Australia,2021-08-04,35391.0,302.0,932.0,5.0,1387.889,11.843,1.35,,,,,,,0.001,12808398.0,8669236.0,4139162.0,,213947.0,,68.06,25499881.0,44648.71
AUS,Australia,2021-08-05,35698.0,307.0,933.0,1.0,1399.928,12.039,1.35,,,,,,25955268.0,0.001,13030257.0,8775905.0,4254352.0,,221859.0,,68.06,25499881.0,44648.71
AUS,Australia,2021-08-06,36051.0,353.0,939.0,6.0,1413.771,13.843,1.35,,,,,,,0.001,13270296.0,8897750.0,4372546.0,,240039.0,,68.06,25499881.0,44648.71
AUS,Australia,2021-08-07,36328.0,277.0,938.0,-1.0,1424.634,10.863,1.34,,,,,,,0.001,13496355.0,9006750.0,4489605.0,,226059.0,,68.06,25499881.0,44648.71
AUS,Australia,2021-08-08,36630.0,302.0,939.0,1.0,1436.477,11.843,1.35,,,,,,26533302.0,0.002,13636580.0,9062787.0,4573793.0,,140225.0,,68.06,25499881.0,44648.71
AUS,Australia,2021-08-09,37010.0,380.0,943.0,4.0,1451.379,14.902,1.36,,,,,218174.0,26751476.0,0.002,13723146.0,9108943.0,4614203.0,,86566.0,,68.06,25499881.0,44648.71
AUS,Australia,2021-08-10,37377.0,367.0,945.0,2.0,1465.772,14.392,1.37,,,,,159454.0,26910930.0,0.002,13958045.0,9235238.0,4722807.0,,234899.0,,68.06,25499881.0,44648.71
AUS,Australia,2021-08-11,37749.0,372.0,947.0,2.0,1480.36,14.588,1.37,,,,,207195.0,27118125.0,0.002,14214009.0,9361037.0,4852972.0,,255964.0,,68.06,25499881.0,44648.71
AUS,Australia,2021-08-12,38165.0,416.0,949.0,2.0,1496.674,16.314,1.39,,,,,243020.0,27361145.0,0.002,14476323.0,9493139.0,4983184.0,,262314.0,,68.06,25499881.0,44648.71
AUS,Australia,2021-08-13,38658.0,493.0,953.0,4.0,1516.007,19.333,1.41,,,,,,,0.002,14747221.0,9629738.0,5117483.0,,270898.0,,68.06,25499881.0,44648.71
AUS,Australia,2021-08-14,39097.0,439.0,958.0,5.0,1533.223,17.216,1.42,,,,,,,0.002,15012023.0,9758089.0,5253934.0,,264802.0,,,25499881.0,44648.71
AUS,Australia,2021-08-15,39615.0,518.0,966.0,8.0,1553.537,20.314,1.43,,,,,,,0.002,15175199.0,9844610.0,5330589.0,,163176.0,,,25499881.0,44648.71
AUS,Australia,2021-08-16,40097.0,482.0,967.0,1.0,1572.439,18.902,1.45,,,,,,28177587.0,0.002,15338926.0,9971748.0,5367178.0,,163727.0,,,25499881.0,44648.71
AUS,Australia,2021-08-17,40774.0,677.0,970.0,3.0,1598.988,26.549,1.48,,,,,213008.0,28390595.0,0.002,15618391.0,10119463.0,5498928.0,,279465.0,,,25499881.0,44648.71
AUS,Australia,2021-08-18,41521.0,747.0,972.0,2.0,1628.282,29.294,1.49,,,,,180125.0,28570720.0,0.003,15892260.0,10264706.0,5627554.0,,273869.0,,,25499881.0,44648.71
AUS,Australia,2021-08-19,42228.0,707.0,976.0,4.0,1656.008,27.726,,,,,,206177.0,28776897.0,0.003,16201270.0,10430071.0,5771199.0,,309010.0,,,25499881.0,44648.71
AUS,Australia,2021-08-20,43119.0,891.0,978.0,2.0,1690.949,34.941,,,,,,,,,16504574.0,10591251.0,5913323.0,,303304.0,,,25499881.0,44648.71
AUS,Australia,2021-08-21,44026.0,907.0,981.0,3.0,1726.518,35.569,,,,,,,,,16815098.0,10757757.0,6057341.0,,310524.0,,,25499881.0,44648.71
